id	nom	type_service_local	code_insee_commune	site_internet	telephone	telecopie	adresse_courriel	formulaire_contact	complement1	complement2	numero_voie	service_distribution	code_postal	nom_commune
0041bcc7-48d3-42fd-92d4-990595e77fda	Représentation de l'État - Annexe de Saint-Barthélémy	prefecture	97701	http://saint-barth-saint-martin.pref.gouv.fr	+590 5 90 27 64 10	+590 5 90 27 71 65	prefecturesxm@saint-barth-saint-martin.gouv.fr				Rue Lubin-Brin - Gustavia		97133	Saint-Barthélémy
0084a8ff-6c9b-48da-8a7a-3e7f891e7525	Sous-préfecture - Pontoise	sous_pref	95500	http://www.val-doise.gouv.fr	01 34 20 95 95	01 30 38 25 89	prefecture@val-doise.gouv.fr				37 rue de la Coutellerie		95300	Pontoise
0126dc1d-50fa-4340-ba09-dbabfb23fb81	Préfecture - Paris et Île-de-France	prefecture	75115	https://www.prefectures-regions.gouv.fr/ile-de-france	01 82 52 40 00			http://www.prefectures-regions.gouv.fr/ile-de-france/Outils/Nous-contacter			5 rue Leblanc		75015	Paris
02f0cd6c-39a8-4804-abca-db83f1dbf3fb	Préfecture - Ariège	prefecture	09122	http://www.ariege.gouv.fr	05 61 02 10 00	05 61 02 74 82	prefecture@ariege.gouv.fr				2 rue de la Préfecture		09000	Foix
031f5a1d-d412-420a-ad48-61ca896d1ad6	Sous-préfecture - Belley	sous_pref	01034	http://www.ain.gouv.fr	04 50 41 81 57 	04 74 23 26 56	sp-belley@ain.gouv.fr				24 rue des Barons		01300	Belley
03ba0b47-7bd0-4e68-9a14-4125b9ae0484	Préfecture - Gironde	prefecture	33063	http://www.gironde.gouv.fr	05 56 90 60 60	05 56 90 60 67		http://www.gironde.gouv.fr/Contactez-nous			Rue Claude Bonnier		33000	Bordeaux
0430301e-223f-442a-9b14-ca32ac85a31d	Sous-préfecture - Abbeville	sous_pref	80001	http://www.somme.gouv.fr	03 22 20 13 13	03 22 20 13 20	sp-abbeville@somme.gouv.fr				19 rue des Minimes		80100	Abbeville
04306e8f-9b53-47b2-8b2d-b0489db0bb2e	Subdivision administrative - Province des Îles Loyauté 	sous_pref	98814	http://www.nouvelle-caledonie.gouv.fr	+687 45 50 45	+687 45 50 35							98820	Lifou
044f4ada-e551-426d-8c62-6d7b19f5d21a	Préfecture - Vienne	prefecture	86194	http://www.vienne.gouv.fr	05 49 55 70 00	05 49 88 25 34		http://www.vienne.gouv.fr/Contactez-nous			7 place Aristide-Briand	CS 30589	86021	Poitiers Cedex
047ea91f-e849-4ace-8970-87e92af5248b	Sous-préfecture - Vervins	sous_pref	02789	http://www.aisne.gouv.fr	03 60 09 80 82	03 23 98 30 76	sp-vervins@aisne.gouv.fr				Rue Raoul-de-Coucy		02140	Vervins
078819b3-261c-492b-9471-9aa6d4c1c59b	Sous-préfecture - Mortagne-au-Perche	sous_pref	61293	http://www.orne.pref.gouv.fr	02 33 80 61 61	02 33 85 20 85	sp-mortagne-au-perche@orne.gouv.fr				1 faubourg Saint-Éloi		61400	Mortagne-au-Perche
09d320c4-025a-483b-8905-5039fbf16ebe	Sous-préfecture - Saint-Paul	sous_pref	97415	http://www.reunion.pref.gouv.fr	+262 2 62 45 38 45	+262 2 62 45 53 41	spftstpaul.pref974@reunion.pref.gouv.fr				3 rue Evariste-de-Parny		97460	Saint-Paul
0b1992a9-b5f8-45bf-a883-baf9cb43276e	Sous-préfecture - Dreux	sous_pref	28134	http://www.eure-et-loir.gouv.fr	02 37 27 72 00	02 37 46 80 72					2-4 rue des Capucins		28100	Dreux
0d56064a-bf03-4ef4-a8b0-85d882fa4677	Préfecture - Hauts-de-Seine	prefecture	92050	http://www.hauts-de-seine.gouv.fr	01 40 97 20 00		prefecture@hauts-de-seine.gouv.fr	http://www.hauts-de-seine.gouv.fr/Contactez-nous	Centre administratif départemental		167 avenue Joliot-Curie		92100	Nanterre
0dd43e09-5ee4-45e8-b473-85486a94102f	Sous-préfecture - Calvi	sous_pref	2B050	http://www.haute-corse.gouv.fr	04 95 34 50 40	04 95 65 95 85	sp-calvi@haute-corse.gouv.fr	http://www.haute-corse.gouv.fr/contacts-r288.html			Place Porteuse d'eau		20260	Calvi
0e7fec4b-c12c-4555-82a7-dd75d5169af5	Sous-préfecture - Provins	sous_pref	77379	http://www.seine-et-marne.gouv.fr	01 60 58 57 77	01 60 58 57 70	sp-provins@seine-et-marne.gouv.fr				17 rue Sainte-Croix		77160	Provins
1045b157-8005-4eed-aba6-ac76d2862c40	Maison de l'Etat - Louhans	sous_pref	71263	http://www.saone-et-loire.gouv.fr	03 85 21 81 00			http://www.saone-et-loire.gouv.fr/contacts-r1753.html			11 rue des Bordes		71500	Louhans
106c2d6a-4f2b-4aa6-b08a-998e63790aab	Préfecture - Côtes-d'Armor	prefecture	22278	http://www.cotes-darmor.gouv.fr	02 96 62 44 22		prefecture@cotes-darmor.gouv.fr	http://www.cotes-darmor.gouv.fr/Contactez-nous			1 place du Général-de-Gaulle		22000	Saint-Brieuc
108df5e8-e7ed-45f5-9b1f-da4f1232750e	Sous-préfecture - Chalon-sur-Saône	sous_pref	71076	http://www.saone-et-loire.gouv.fr	03 85 21 81 00	03 85 42 55 62		http://www.saone-et-loire.gouv.fr/contacts-r1753.html			28 rue du Général Leclerc		71100	Chalon-sur-Saône
10d97f3a-54d2-4ab3-aee7-abacd0f1f86c	Préfecture de région - Corse	prefecture_region	2A004	http://prefectures-regions.gouv.fr/corse	04 95 11 12 13	04 95 11 10 28		http://prefectures-regions.gouv.fr/corse/Outils/Nous-contacter	Palais Lantivy		Cours Napoléon		20000	Ajaccio
13334c0a-716c-414f-b97c-208119cee41c	Sous-préfecture - Châteaudun	sous_pref	28088	http://www.eure-et-loir.gouv.fr	02 37 27 71 19		sp-chateaudun@eure-et-loir.gouv.fr	http://www.eure-et-loir.gouv.fr/Contactez-nous/Contact-general			25 rue Jean-Moulin		28200	Châteaudun
14732cd9-a9ed-4528-9666-b57ea3660ace	Préfecture - Creuse	prefecture	23096	http://www.creuse.gouv.fr	05 55 51 59 00 	05 55 52 48 61		http://www.creuse.gouv.fr/Contactez-nous			Place Louis-Lacrocq		23000	Guéret
15395ad3-2176-46b0-9d0a-ee60133d7906	Préfecture - Haute-Marne	prefecture	52121	http://www.haute-marne.gouv.fr	03 25 30 52 52	03 25 32 01 26	prefecture@haute-marne.gouv.fr				89 rue Victoire-de-la-Marne		52000	Chaumont
15e75ffd-e4c3-4b3e-97e8-1f91760ab105	Préfecture - Aveyron	prefecture	12202	http://www.aveyron.gouv.fr	05 65 75 71 71	05 65 75 72 59	prefecture@aveyron.gouv.fr		Centre administratif Foch		Place Foch		12000	Rodez
162ab3b2-360f-46cc-ac83-67c967b214bd	Préfecture - Var	prefecture	83137	http://www.var.gouv.fr	04 94 18 83 83	04 94 18 80 19		http://www.var.gouv.fr/contacts-r1376.html	Hôtel de la Préfecture		Boulevard du 112e-R.-I.		83000	Toulon
16e0d7ab-604e-4ac8-abbf-b9c5fbd721d6	Sous-préfecture - Avesnes-sur-Helpe	sous_pref	59036	http://www.nord.gouv.fr	03 27 61 59 59	03 27 61 59 88	sousprefecture.avesnes@nord.gouv.fr				1 rue Gossuin		59440	Avesnes-sur-Helpe
189086b8-5c7d-4938-9b2c-f41d473f37f0	Sous-préfecture - Saint-Laurent-du-Maroni	sous_pref	97311	http://www.guyane.pref.gouv.fr	+594 5 94 34 04 00	+594 5 94 34 15 30							97320	Saint-Laurent-du-Maroni
19fefc85-ec18-4b72-b858-516e20cf1147	Préfecture - Loire	prefecture	42218	http://www.loire.gouv.fr	04 77 48 48 48	04 77 21 65 83		http://www.loire.gouv.fr/contacts-r1195.html			2 rue Charles-de-Gaulle		42000	Saint-Étienne
1a54c4de-da75-4487-aac8-3f29eba4935c	Sous-préfecture - Sens	sous_pref	89387	http://www.yonne.gouv.fr	03 86 83 95 20	03 86 65 03 17	sp-sens@yonne.gouv.fr				2 rue du Général Leclerc		89100	Sens
1c1f751c-55a1-4056-ab65-33b2f7392a81	Préfecture - Indre	prefecture	36044	http://www.indre.gouv.fr	02 54 29 50 00	02 54 34 10 08	prefecture@indre.gouv.fr	http://www.indre.pref.gouv.fr/Contactez-nous/Contact-general			Pl. de la Victoire-et-des-Alliés		36000	Châteauroux
1cb215c2-96e1-4a94-921a-98a370bc9887	Préfecture - Marne	prefecture	51108	http://www.marne.gouv.fr	03 26 26 10 10	03 26 26 12 03	pref-contact@marne.gouv.fr	http://www.marne.gouv.fr/Contactez-nous			38 rue Carnot		51000	Châlons-en-Champagne
1efa4780-c58a-4b68-84ca-725d0c7cf82c	Préfecture de région - Guyane	prefecture_region	97302	http://www.guyane.pref.gouv.fr/	+594 5 94 39 45 00			http://www.guyane.pref.gouv.fr/Contactez-nous			Rue Fiedmond		97300	Cayenne
1f948f35-9246-4220-92dd-dfc63c909135	Préfecture - Pyrénées-Atlantiques	prefecture	64445	http://www.pyrenees-atlantiques.gouv.fr	05 59 98 24 24	05 59 98 24 99		http://www.pyrenees-atlantiques.gouv.fr/Contactez-nous			2 rue du Maréchal-Joffre		64000	Pau
1ff19703-a596-4f44-a5f8-981de0484ead	Sous-préfecture - Commercy	sous_pref	55122	http://www.meuse.gouv.fr	03 29 91 11 52	03 29 91 42 20		http://www.meuse.pref.gouv.fr/mail/mail.php?dest=sprefcommercy&sujet=question%20via%20le%20site%20internet%20des%20services%20de%20l%27Etat			22 avenue Stanislas		55200	Commercy
2048d1b6-749d-42e3-8149-523e75400caf	Sous-préfecture - Saint-Denis	sous_pref	93066	http://www.seine-saint-denis.gouv.fr	01 49 33 94 44	01 42 43 28 34					28-30 boulevard de La-Commune-de-Paris		93200	Saint-Denis
206b64cc-3e35-4f28-a521-f3da90bf54cb	Préfecture - Indre-et-Loire	prefecture	37261	http://www.indre-et-loire.gouv.fr		02 47 64 04 05	prefecture@indre-et-loire.gouv.fr	http://www.indre-et-loire.gouv.fr/Contactez-nous			15 rue Bernard-Palissy		37000	Tours
206b8658-32c4-4f43-804c-3fd52db065a0	Terres australes et antarctiques françaises (TAAF)	prefecture	97416	http://www.taaf.fr	02 62 96 78 78	02 62 96 78 06		https://taaf.fr/nous-contacter/			Rue Gabriel-Dejean		97410	Saint-Pierre, Ile-de-la-Réunion
20ca5615-78b1-48e4-a901-e7185daa1bd0	Sous-préfecture - Istres	sous_pref	13047	http://www.bouches-du-rhone.gouv.fr	04 42 86 57 00	04 84 35 48 55	sp-istres@bouches-du-rhone.gouv.fr 	http://www.bouches-du-rhone.gouv.fr/Contactez-nous	ZAC Salles		Chemin des Bolles		13800	Istres
229f6896-6ee0-443d-901c-0a3f44b15f30	Préfecture - Ille-et-Vilaine	prefecture	35238	https://www.ille-et-vilaine.gouv.fr		02 99 02 10 15	prefecture@ille-et-vilaine.gouv.fr				3 avenue de la Préfecture		35000	Rennes
22d5f446-6554-4d6a-ab8c-80617c147fbc	Sous-préfecture - Sarrebourg Château-Salins	sous_pref	57630	http://www.moselle.gouv.fr	03 87 25 74 40	03 87 23 96 85	sp-sarrebourg-château-salins@moselle.gouv.fr				8 rue du Président-Robert-Schuman		57400	Sarrebourg
22e55193-2257-446d-9f4c-ea75852ce577	Sous-préfecture - Villefranche-de-Rouergue	sous_pref	12300	http://www.aveyron.gouv.fr	05 65 65 11 00	05 65 45 16 25	sp-villefranche@aveyron.gouv.fr				Quai du Temple		12200	Villefranche-de-Rouergue
23be78db-0d25-4c58-9647-58ed2714c2f2	Sous-préfecture - Arles	sous_pref	13004	http://www.bouches-du-rhone.gouv.fr	04 90 52 55 00	04 84 35 48 55	sp-arles@bouches-du-rhone.gouv.fr	http://www.bouches-du-rhone.gouv.fr/Contactez-nous			2 rue du Cloître		13200	Arles
245006d0-6cc2-4b53-861a-c2e9b8a6747b	Préfecture - Seine-et-Marne	prefecture	77288	http://www.seine-et-marne.gouv.fr	01 64 71 77 77			http://www.seine-et-marne.pref.gouv.fr/Contactez-nous			12 place des Saints-Pères		77000	Melun
24deffa9-397a-4ca7-9017-747626466564	Sous-préfecture - Châteaubriant-Ancenis	sous_pref	44036	http://www.loire-atlantique.gouv.fr/Services-de-l-Etat/Prefecture-et-sous-prefectures/Sous-prefecture-de-Chateaubriant	02 40 81 02 13	02 40 28 23 62	sp-chateaubriant@loire-atlantique.gouv.fr				14 rue des Vauzelles		44110	Châteaubriant
25361b83-cbb2-4e83-98a6-aadd93116689	Sous-préfecture - La Châtre	sous_pref	36046	http://www.indre.gouv.fr	02 54 62 15 00	02 54 62 15 01	sous-prefecture-de-la-chatre@indre.pref.gouv.fr				1 avenue Aristide-Briand		36400	La Châtre
254cabf1-4524-4a79-9edc-fc6c8bb5ef14	Sous-préfecture - Mirande	sous_pref	32256	http://www.gers.gouv.fr	05 62 61 44 00	05 62 05 47 78	sp-mirande@gers.gouv.fr	http://www.gers.gouv.fr/Contactez-nous			Avenue Laplagne		32300	Mirande
26a9c215-0daa-4ee8-849f-13a15c5dec5a	Préfecture - Alpes-Maritimes	prefecture	06088	http://www.alpes-maritimes.gouv.fr/	04 93 72 20 00	04 93 72 22 99		http://www.alpes-maritimes.gouv.fr/Contactez-nous	Centre administratif		147 boulevard du Mercantour		06200	Nice
26e27775-3024-4da5-b6d7-ecb3b0a8733c	Préfecture - Pyrénées-Orientales	prefecture	66136	http://www.pyrenees-orientales.pref.gouv.fr	04 68 51 66 66	04 68 34 68 51		http://www.pyrenees-orientales.pref.gouv.fr/Contactez-nous/Contact-general			24 quai Sadi-Carnot		66000	Perpignan
27632011-2e64-484f-9707-00afd5ddb0d9	Préfecture - Doubs	prefecture	25056	http://www.doubs.gouv.fr	03 81 25 10 00	03 81 83 21 82	prefecture@doubs.gouv.fr	http://www.doubs.gouv.fr/Contactez-nous			8 b rue Charles-Nodier		25000	Besançon
2788f6ee-9f3e-46d1-8886-c2432548f7a2	Sous-préfecture - Bayeux	sous_pref	14047	http://www.calvados.gouv.fr	02 31 51 40 50	02 31 22 56 99	sp-bayeux@calvados.gouv.fr				7 place Charles-de-Gaulle		14400	Bayeux
27daf641-b652-488b-982a-6b3e8c0310b4	Sous-préfecture - Mulhouse	sous_pref	68224	http://www.haut-rhin.gouv.fr	03 89 33 45 45	03 89 32 12 33	sp-mulhouse@haut-rhin.gouv.fr	http://www.haut-rhin.pref.gouv.fr/Contactez-nous			2 place du Général-de-Gaulle		68100	Mulhouse
29d61f36-1684-4a0f-8d65-7470de90c2e9	Sous-préfecture - Vichy	sous_pref	03310	http://www.allier.gouv.fr	04 70 30 13 50	04 70 59 16 23	sp-vichy@allier.gouv.fr				17 rue Alquié		03200	Vichy
29f83995-62dd-435f-9ce6-6f8ab7614155	Sous-préfecture - Saumur	sous_pref	49328	http://www.maine-et-loire.gouv.fr	02 41 81 83 83	02 41 67 19 88	sp-saumur@maine-et-loire.pref.gouv.fr				33 rue Beaurepaire		49400	Saumur
2a739ac5-4620-45fc-82c5-83fe8db07df0	Préfecture - Finistère	prefecture	29232	http://www.finistere.gouv.fr	02 98 76 29 29	02 98 52 09 47	prefecture@finistere.gouv.fr	http://www.finistere.gouv.fr/Contactez-nous			42 boulevard Dupleix		29000	Quimper
2b702572-9604-48f4-b836-518f5a841bb1	Préfecture - Lot	prefecture	46042	http://www.lot.gouv.fr	05 65 23 10 00	05 65 23 10 10		http://www.lot.gouv.fr/contacts-r3661.html	Cité Chapou		Rue de la Légion d'Honneur		46000	Cahors
2cf88fcb-e2ee-4531-805b-13135f256ff6	Préfecture - Nièvre	prefecture	58194	http://www.nievre.gouv.fr	03 86 60 70 80	03 86 36 12 54	courrier@nievre.pref.gouv.fr				40 rue de la Préfecture		58000	Nevers
2d5be364-275d-4e49-93cd-f132cfd45255	Préfecture - Bas-Rhin	prefecture	67482	http://www.bas-rhin.gouv.fr	03 88 21 67 68	03 88 21 62 16	prefecture@bas-rhin.gouv.fr				5 place de la République		67000	Strasbourg
2d63e766-686f-4eb2-ace4-9dfb770b1b8f	Sous-préfecture - Bagnères-de-Bigorre	sous_pref	65059	http://www.hautes-pyrenees.gouv.fr	05 62 91 30 30	05 62 91 04 78	sp-bagneres@hautes-pyrenees.gouv.fr				4 avenue Jacques-Soubielle		65200	Bagnères-de-Bigorre
2e4817b2-b2bb-4a19-bdd0-3772900a8931	Sous-préfecture - Céret	sous_pref	66049	http://www.pyrenees-orientales.pref.gouv.fr	04 68 87 10 02	04 68 34 68 51		http://www.pyrenees-orientales.pref.gouv.fr/Contactez-nous/Contact-general			6 boulevard Simon-Batle		66400	Céret
2f607ae5-156a-4ac9-bb60-8e0f89b53b6f	Sous-préfecture - Nogent-sur-Seine	sous_pref	10268	https://www.aube.gouv.fr	03 25 39 82 19	03 25 39 06 57	sp-nogent-sur-seine@aube.gouv.fr				5 avenue Jean-Casimir-Périer		10400	Nogent-sur-Seine
2fd30a73-d80d-4ec0-a825-09ccd2dd12a5	Sous-préfecture - Pithiviers	sous_pref	45252	http://www.loiret.gouv.fr		02 38 30 47 61	sp-pithiviers@loiret.gouv.fr				11 mail Sud		45300	Pithiviers
2ff7d4b6-4329-479b-a9b5-87af9580264a	Sous-préfecture - Limoux	sous_pref	11206	http://www.aude.gouv.fr	04 68 31 03 50	04 68 31 68 23	sp-limoux@aude.pref.gouv.fr	http://www.aude.gouv.fr/contacts-r999.html			12 rue du Palais		11300	Limoux
3040f259-ddb7-4e8a-bd5a-9ea9149270e2	Préfecture - Loiret	prefecture	45234	http://www.loiret.gouv.fr	02 38 91 45 45 	02 38 53 32 48	pref-internet@loiret.gouv.fr	http://www.loiret.gouv.fr/Contactez-nous			181 rue de Bourgogne		45000	Orléans
31dfcc01-8d0b-4882-b9db-3808de27524e	Sous-préfecture - Libourne	sous_pref	33243	http://www.gironde.gouv.fr	05 56 90 60 60	05 57 55 05 70	sp-libourne@gironde.gouv.fr				8 avenue de Verdun		33500	Libourne
323e865c-f847-4726-b6e4-45b77b883a4e	Subdivision administrative - Îles Tuamotu-Gambier	sous_pref	98735	http://www.polynesie-francaise.pref.gouv.fr	+689 40 46 86 71	+689 40 46 86 79	subdiv.tuamotu-gambier@polynesie-francaise.pref.gouv.fr				avenue Pouvanaa a Oopa		98714	Papeete, Tahiti
32bfc2bc-9fc9-494b-b0d7-ad7ba0025c69	Préfecture - Côte-d'Or	prefecture	21231	http://www.cote-dor.gouv.fr	03 80 44 64 00	03 80 30 65 72		http://www.cote-dor.gouv.fr/par-service-r709.html			53 rue de la Préfecture		21041	Dijon Cedex
32e977e8-8ee0-4790-8841-58c14e89a903	Sous-préfecture - Compiègne	sous_pref	60159	http://www.oise.pref.gouv.fr	03 44 06 12 60	03 44 40 09 15	sp-compiegne@oise.gouv.fr				21 rue Eugène-Jacquet		60200	Compiègne
33d94337-db7d-4c78-a743-8be16ac947b1	Sous-préfecture - Villeneuve-sur-Lot	sous_pref	47323	http://www.lot-et-garonne.gouv.fr	05 53 49 03 16	05 53 49 76 67	sous-prefecture-de-villeneuve@lot-et-garonne.pref.gouv.fr				Rue des Cieutats		47300	Villeneuve-sur-Lot
34b7d8d6-bb77-4074-843c-f2b77595be31	Sous-préfecture - Thann-Guebwiller	sous_pref	68334	http://www.haut-rhin.gouv.fr	03 89 37 09 12	03 89 37 40 46	sp-thann@haut-rhin.gouv.fr	http://www.haut-rhin.pref.gouv.fr/Contactez-nous			3 avenue Poincaré		68800	Thann
3594994d-5d1f-4276-89fa-7e6494d3ebb0	Préfecture - Cher	prefecture	18033	http://www.cher.gouv.fr	02 48 67 18 18	02 48 70 41 41	pref-courrier@cher.gouv.fr	https://www.cher.gouv.fr/Contactez-nous			Place Marcel-Plaisant		18000	Bourges
36903802-7725-474a-9ae8-8ca59efdd741	Subdivision administrative - Province Nord	sous_pref	98811	http://www.nouvelle-caledonie.gouv.fr	+687 47 22 36	+687 47 24 80	sec-cdrnord@nouvelle-caledonie.gouv.fr						98860	Kone
36d56e99-f545-45ea-9a69-16db148283f7	Sous-préfecture - Montbrison	sous_pref	42147	http://www.loire.gouv.fr	04 77 96 37 37	04 77 96 11 01	sp-montbrison@loire.gouv.fr				Square Honoré-d'Urfé		42600	Montbrison
389ea306-c22b-42f2-b5d4-186b7e742301	Préfecture - Haute-Loire	prefecture	43157	http://www.haute-loire.gouv.fr/	04 71 09 43 43	04 71 09 78 40		http://www.haute-loire.gouv.fr/contacts-r592.html			6 avenue du Général-de-Gaulle		43000	Le Puy-en-Velay
3958c735-0b9d-43de-ba6c-b5c7d4890780	Sous-préfecture - Rethel	sous_pref	08362	http://www.ardennes.gouv.fr	03 24 39 51 70		sous-prefecture-de-rethel@ardennes.gouv.fr				Boulevard 4ème-Armée		08300	Rethel
3a726b0e-f8cd-4268-8dca-934d6ee7eeea	Sous-préfecture - Nogent-le-Rotrou	sous_pref	28280	http://www.eure-et-loir.gouv.fr	02 37 53 58 50	02 37 52 10 50					29 rue Abbé-Beulé		28400	Nogent-le-Rotrou
3b838c03-ae00-4008-a5e5-25d194ba0bab	Sous-préfecture - La Trinité	sous_pref	97230	http://www.martinique.pref.gouv.fr	+596 5 96 58 21 13	+596 5 96 58 31 40	contact@martinique.pref.gouv.fr	http://www.martinique.pref.gouv.fr/Contactez-nous/Contact-general			Rue Joseph-Lagrosillière		97220	La Trinité
3c16cdaf-0aef-45e6-b0bb-f39705c9be44	Préfecture - Ardennes	prefecture	08105	http://www.ardennes.gouv.fr	03 24 59 66 00	03 24 58 35 21		http://www.ardennes.gouv.fr/contacts-r232.html			1 place de la Préfecture		08000	Charleville-Mézières
3d732bc9-8f99-4707-a04f-0b4cdcb490d6	Sous-préfecture - Saint-Dié-des-Vosges	sous_pref	88413	http://www.vosges.gouv.fr	03 29 42 11 11	03 29 56 86 38	sp-saint-die@vosges.gouv.fr				1 place Jules-Ferry		88100	Saint-Dié-des-Vosges
3dd2eb46-f88f-4e03-a5bc-6180447c5397	Sous-préfecture - Rambouillet	sous_pref	78517	http://www.yvelines.gouv.fr	01 34 83 66 78	01 34 83 66 66	sp-rambouillet@yvelines.gouv.fr				82 rue du Général-de-Gaulle		78120	Rambouillet
3ef87d48-b732-4a3b-ae00-cc6a6fc5c77e	Sous-préfecture - Les Andelys	sous_pref	27016	http://www.eure.gouv.fr	02 32 54 74 87	02 32 54 74 88		http://www.eure.gouv.fr/site/modul1/create			10 rue de la Sous-Préfecture		27700	Les Andelys
3f634526-2a35-4dc6-87c5-972fe89acb19	Sous-préfecture - Palaiseau	sous_pref	91477	http://www.essonne.gouv.fr	01 69 31 96 96	01 60 14 91 17	prefecture@essonne.gouv.fr	http://www.essonne.gouv.fr/Contactez-nous			Avenue du Général-de-Gaulle		91120	Palaiseau
3f660475-eeb1-4eb7-8616-9e1a622ab52a	Sous-préfecture - Nice montagne	sous_pref	06088	http://www.alpes-maritimes.gouv.fr	04 93 72 20 00		pref-spnm@alpes-maritimes.gouv.f	http://www.alpes-maritimes.gouv.fr/Contactez-nous	Tour Ouest, 10e étage, Cadam		147 boulevard du Mercantour		06286	Nice Cedex 3
3f71e7a2-75f3-416e-a3f9-cfc1385f594d	Sous-préfecture - Saint-Girons	sous_pref	09261	http://www.ariege.gouv.fr	05 61 96 25 80	05 61 96 25 87	sp-saint-girons@ariege.gouv.fr				12 avenue René-Plaisant		09200	Saint-Girons
3fa3a65e-f281-4a81-a1d6-701946136fcb	Sous-préfecture - Reims	sous_pref	51454	http://www.marne.gouv.fr	03 26 86 71 00	03 26 86 71 65	sp-reims@marne.gouv.fr				Place Royale		51100	Reims
40334c47-5f9b-4fc4-a72d-1ebb72e57e9a	Sous-préfecture - Lesparre-Médoc	sous_pref	33240	http://www.gironde.gouv.fr	05 56 90 60 60	05 56 41 85 04	sp-lesparre@gironde.gouv.fr				4 allée du 8-Mai-1945		33340	Lesparre-Médoc
40558db8-1e68-436b-b079-3fc8141e70d1	Sous-préfecture - Saint-Malo	sous_pref	35288	https://www.ille-et-vilaine.gouv.fr/	02 99 20 22 40	02 99 56 80 03	sp-saint-malo@ille-et-vilaine.gouv.fr				3 rue Roger-Vercel		35400	Saint-Malo
40701c3e-eac5-4a04-a8d4-bd47efc5a132	Sous-préfecture - Segré-en-Anjou Bleu	sous_pref	49331	http://www.maine-et-loire.gouv.fr	02 41 81 80 80 			http://www.maine-et-loire.gouv.fr/contacts-r715.html			2 rue Lamartine		49500	Segré-en-Anjou Bleu
40923793-2c4a-4446-8a03-60876669752f	Sous-préfecture - Calais	sous_pref	62193	http://www.pas-de-calais.gouv.fr	03 21 19 70 70	03 21 19 70 71					9 esplanade Jacques-Vendroux		62100	Calais
4160d0ab-db41-481d-917b-f10b22505472	Sous-préfecture - Lunéville	sous_pref	54329	http://www.meurthe-et-moselle.gouv.fr	03 83 76 64 00		sp-luneville@meurthe-et-moselle.gouv.fr				8 rue de Sarrebourg		54300	Lunéville
418984fa-929c-495e-94f2-e5fe1c159bcb	Sous-préfecture - Douai	sous_pref	59178	http://www.nord.gouv.fr	03 27 93 59 59	03 27 88 22 61	sp-douai-contact@nord.gouv.fr				642 boulevard Albert-1er		59500	Douai
41a22102-6263-48c0-9476-1012eaede13b	Sous-préfecture - Largentière	sous_pref	07132	http://www.ardeche.gouv.fr	04 75 89 90 90	04 75 39 26 98	sp-largentiere@ardeche.gouv.fr				23 rue Camille-Vielfaure		07110	Largentière
420058f3-0ed2-46b5-9f5f-13743369b78c	Sous-préfecture - Mamers	sous_pref	72180	http://www.sarthe.gouv.fr	02 43 39 61 00	02 43 97 11 30	sp-mamers@sarthe.gouv.fr				Place de la République		72600	Mamers
4247ccfe-fa2d-47a4-9923-811ad2f84f3f	Sous-préfecture - Nontron	sous_pref	24311	http://www.dordogne.gouv.fr	05 47 24 16 99	05 47 24 16 72	sp-nontron@dordogne.gouv.fr				12 b boulevard Gambetta		24300	Nontron
42a4cf5a-75c9-4432-8eff-ab15b7e62673	Préfecture de région - Nouvelle-Aquitaine	prefecture_region	33063	http://prefectures-regions.gouv.fr/nouvelle-aquitaine	05 56 90 60 60			http://prefectures-regions.gouv.fr/nouvelle-aquitaine/Outils/Nous-contacter	Esplanade Charles-de-Gaulle				33000	Bordeaux
44b2fa1f-84ee-428a-b240-9b1ac04e1bfd	Sous-préfecture - Lure	sous_pref	70310	http://www.haute-saone.gouv.fr	03 84 89 18 00	03 84 89 18 18	sous-prefecture-de-lure@haute-saone.pref.gouv.fr				18 square du Général-de-Gaulle		70200	Lure
454cfd3a-53cb-4805-9306-e7e32718d906	Sous-préfecture - Fougères Vitré	sous_pref	35115	https://www.ille-et-vilaine.gouv.fr/	02 99 94 56 00	02 99 94 56 13	sp-fougeres-vitre@ille-et-vilaine.gouv.fr				9 avenue François-Mitterrand		35300	Fougères
45738454-c6f2-429c-bf63-16d50df4ef5c	Sous-préfecture - Sarreguemines	sous_pref	57631	http://www.moselle.gouv.fr	03 87 27 62 62	03 87 95 19 89	sp-sarreguemines@moselle.gouv.fr				4 avenue du Maréchal-Foch		57216	Sarreguemines
46939911-b6aa-448d-ac6b-ccecb2191882	Sous-préfecture - Cosne-Cours-sur-Loire	sous_pref	58086	http://www.nievre.gouv.fr	03 86 26 70 48	03 86 28 04 79	sous-prefecture-de-cosne-sur-loire@nievre.pref.gouv.fr				7 b rue Eugène-Pelletan		58200	Cosne-Cours-sur-Loire
46f1fa23-691f-4c8e-bc70-93e9c8c42e1c	Préfecture - Hautes-Pyrénées	prefecture	65440	http://www.hautes-pyrenees.gouv.fr	05 62 56 65 65	05 62 51 20 10	prefecture@hautes-pyrenees.gouv.fr	http://www.hautes-pyrenees.gouv.fr/contacts-r932.html			Place du Général-de-Gaulle		65000	Tarbes
47b28cac-6cab-47a1-93ee-8572e4900383	Sous-préfecture - Nyons	sous_pref	26220	http://www.drome.gouv.fr	04 75 26 20 33	04 75 26 16 72	sous-prefecture-de-nyons@drome.gouv.fr				4 avenue de Venterol		26110	Nyons
4806a1b0-e34a-416f-95e3-21f729837f8f	Préfecture - Corse-du-Sud	prefecture	2A004	http://www.corse-du-sud.gouv.fr/	04 95 11 12 13	04 95 11 10 28	prefecture@corse-du-sud.gouv.fr		Palais Lantivy		Cours Napoléon		20000	Ajaccio
4898c36a-5ee6-40ea-9a26-903d2e96b0bb	Sous-préfecture - Thiers	sous_pref	63430	http://www.auvergne.pref.gouv.fr	04 73 80 80 80	04 75 80 05 01	sp-thiers@puy-de-dome.gouv.fr				26 rue Barante		63300	Thiers
48af22f9-cd6d-4b7d-87f4-64af196c81c2	Sous-préfecture - Dieppe	sous_pref	76217	http://www.seine-maritime.gouv.fr	02 35 06 30 00		sp-dieppe@seine-maritime.gouv.fr				5 rue du 8-Mai-1945		76200	Dieppe
490f80c9-6c83-4b3a-9d0e-46781f39ed6f	Sous-préfecture - Saint-Jean-d'Angély	sous_pref	17347	http://www.charente-maritime.gouv.fr	05 46 32 24 87	05 46 32 59 64	sp-saint-jean-d-angely@charente-maritime.gouv.fr	http://www.charente-maritime.pref.gouv.fr/Contactez-nous			24 place de l'Hôtel de Ville		17400	Saint-Jean-d'Angély
49fd10a4-1390-41be-bfaf-d04faea6efe6	Sous-préfecture - Condom	sous_pref	32107	http://www.gers.gouv.fr	05 62 61 44 00	05 62 28 36 46	sp-condom@gers.gouv.fr				Place Lannelongue		32100	Condom
4ab16398-ebd0-4e44-9a37-c5bc29bd925b	Sous-préfecture - Dax	sous_pref	40088	http://www.landes.gouv.fr	05 58 90 09 90						5 avenue Paul-Doumer		40100	Dax
4c74f810-4e65-449d-bdbc-591cbf9ad20c	Sous-préfecture - Chinon	sous_pref	37072	http://www.indre-et-loire.gouv.fr		02 47 98 35 09	sous-prefecture-de-chinon@indre-et-loire.pref.gouv.fr				1 rue Philippe-de-Commines		37500	Chinon
4d02f79b-f569-43a1-869d-b183245d8b56	Préfecture de région - Hauts-de-France	prefecture_region	59350	http://prefectures-regions.gouv.fr/hauts-de-france	03 20 30 59 59	03 20 30 52 58		http://prefectures-regions.gouv.fr/hauts-de-france/Outils/Nous-contacter			12 rue Jean-Sans-Peur		59800	Lille
4e790685-864c-401a-95bc-94743ecbd6db	Sous-préfecture - Cherbourg	sous_pref	50129	http://www.manche.gouv.fr	02 33 87 81 81	02 33 87 81 82	sp-cherbourg@manche.gouv.fr				106 rue Emmanuel-Liais		50100	Cherbourg
4ea7b3a0-4f2b-41e8-a412-dd83d4987ec6	Sous-préfecture - Gourdon	sous_pref	46127	http://www.lot.gouv.fr	05 65 41 00 08	05 65 41 17 74	sp-gourdon@lot.gouv.fr				Boulevard Aristide-Briand		46300	Gourdon
4f9d517b-e229-4e53-883e-655af16b8313	Sous-préfecture - Jonzac	sous_pref	17197	http://www.charente-maritime.gouv.fr	05 46 27 43 00	05 46 48 26 02	sp-jonzac@charente-maritime.gouv.fr				4 rue du Château		17500	Jonzac
4fb9c156-5cb6-4fb6-aba9-fe718de1b67d	Sous-préfecture - Altkirch	sous_pref	68004	http://www.haut-rhin.gouv.fr	03 89 08 94 40	03 89 08 94 48	sp-altkirch@haut-rhin.gouv.fr				5 rue Charles-de-Gaulle		68130	Altkirch
5059ffa9-7cf9-4162-9171-b261d80efa77	Sous-préfecture - La Tour-du-Pin	sous_pref	38509	http://www.isere.gouv.fr	04 74 83 29 99	04 74 97 18 86	internet@isere.pref.gouv.fr	http://www.isere.gouv.fr/Contactez-nous			19 b rue Joseph-Savoyat		38110	La Tour-du-Pin
50ddeb69-da27-43c3-bbd7-4daabebb1c36	Sous-préfecture - Sedan	sous_pref	08409	http://www.ardennes.gouv.fr	03 24 27 11 41						1 rue de Neuil		08200	Sedan
51439231-bc01-4dde-8421-044379bba2fd	Sous-préfecture - Saint-Omer	sous_pref	62765	http://www.pas-de-calais.gouv.fr	03 21 11 12 34	03 21 11 12 66					41 rue Saint-Bertin		62500	Saint-Omer
51521dae-f1ff-41bb-be06-7c48e4d2ddbd	Sous-préfecture - Saint-Pierre (Martinique)	sous_pref	97225	http://www.martinique.pref.gouv.fr	+596 5 96 78 29 50	+596 5 96 78 29 48	sp-de-saint-pierre@martinique.pref.gouv.fr	http://www.martinique.pref.gouv.fr/Contactez-nous/Contact-general			21 rue Caylus (ancienne trésorerie)		97250	Saint-Pierre
51d7cd1b-4d4e-4910-9a7b-947ffd055ced	Préfecture - Oise	prefecture	60057	http://www.oise.gouv.fr	03 44 06 12 60	03 44 45 39 00	prefecture@oise.gouv.fr				1 place de la Préfecture		60000	Beauvais
52540ade-49fd-4b93-9de0-d1b7834097c5	Préfecture - Ain	prefecture	01053	http://www.ain.gouv.fr	04 74 32 30 00	04 74 23 26 56	prefecture@ain.gouv.fr		Quartier Bourg centre		45 avenue Alsace-Lorraine		01000	Bourg-en-Bresse
543ce0ce-3d76-43e6-be54-8caaed443e18	Haut-commissariat de la République - Polynésie française	prefecture	98735	http://www.polynesie-francaise.pref.gouv.fr	+689 40 46 87 00	+689 40 46 87 69	courrier@polynesie-francaise.pref.gouv.fr				Avenue Pouvanaa A Oopa		98714	Papeete - Tahiti
5495a25c-a20c-454b-a9e4-a04d95d12840	Préfecture de région - Martinique	prefecture_region	97209	http://www.martinique.pref.gouv.fr/	+596 5 96 39 36 00	+596 5 96 71 40 29		http://www.martinique.pref.gouv.fr/Contactez-nous			80 rue Victor-Sévère		97262	Fort-de-France
54e9cd8b-ee30-4dba-80d2-de9f24d53bc9	Sous-préfecture - Confolens	sous_pref	16106	http://www.charente.gouv.fr	05 45 84 01 44	05 45 85 36 02	sp-confolens@charente.gouv.fr				Rue Babaud-Lacroze		16500	Confolens
556e79f8-c503-44ac-89e0-e8a1107be4ae	Sous-préfecture - Grasse	sous_pref	06069	http://www.alpes-maritimes.gouv.fr	04 92 42 32 00	04 93 72 22 99	sp-services-sous-pref-grasse@alpes-maritimes.gouv.fr	http://www.alpes-maritimes.gouv.fr/Contactez-nous			3 avenue du Général-de-Gaulle		06130	Grasse
55cf8bea-d9d6-40fe-b096-6cae4f0d82ad	Sous-préfecture - Loches	sous_pref	37132	http://www.indre-et-loire.gouv.fr		02 47 91 52 80	sous-prefecture-de-loches@indre-et-loire.pref.gouv.fr				7 rue du Docteur-Martinais		37600	Loches
55e56746-59d1-4cb5-8b4a-136171fb5784	Préfecture - Vaucluse	prefecture	84007	http://www.vaucluse.gouv.fr	04 88 17 84 84		pref-contact@vaucluse.gouv.fr	http://www.vaucluse.gouv.fr/contacts-r2820.html			2 avenue de la Folie		84000	Avignon
5763d4b9-36f1-46ef-8a1f-be2586b82f0e	Préfecture - Ardèche	prefecture	07186	http://www.ardeche.gouv.fr	04 75 66 50 00	04 75 64 03 39	pref-courrier@ardeche.gouv.fr				5 rue Pierre-Filliat		07000	Privas
57fbd6c8-62b5-443b-bf52-d7b3db5b2b47	Préfecture - Somme	prefecture	80021	http://www.somme.gouv.fr	03 22 97 80 80	03 22 92 13 98	pref-courrier@somme.gouv.fr	http://www.somme.pref.gouv.fr/Contactez-nous			51 rue de la République		80000	Amiens
5880177f-1de6-4517-8681-8f94889ee77e	Sous-préfecture - Mauriac	sous_pref	15120	http://www.cantal.gouv.fr	04 71 68 06 06	04 71 68 22 81	courrier@cantal.pref.gouv.fr	http://www.cantal.gouv.fr/contacts-r2068.html			Rue Guillaume-Duprat		15200	Mauriac
59b06e68-7b6b-43d8-a8fb-9ba3fab28a88	Sous-préfecture - Château-Gontier	sous_pref	53062	http://www.mayenne.gouv.fr	02 53 54 54 54	02 53 54 54 64	pref-sp-chateau-gontier@mayenne.gouv.fr		Maison de l'État		4 rue de la Petite-Lande		53200	Château-Gontier
5a6c7654-7dd5-45f6-993c-2840981c180d	Sous-préfecture - Le Vigan	sous_pref	30350	http://www.gard.gouv.fr	04 67 81 67 00	04 67 81 87 08	contact-spvigan@gard.gouv.fr				24 rue des Barris		30120	Le Vigan
5c19c1b7-faf8-4fac-baad-6d15434625ce	Sous-préfecture - Montbéliard	sous_pref	25388	http://www.doubs.gouv.fr	03 70 07 61 00 	03 81 91 22 18	sp-montbeliard@doubs.gouv.fr 	http://www.doubs.gouv.fr/Contactez-nous			43 avenue du Maréchal Joffre 		25200	Montbéliard
5c86802c-f11c-43fa-8bd2-725c4324b7af	Sous-préfecture - Bernay	sous_pref	27056	http://www.eure.gouv.fr	02 32 46 76 87	02 32 46 76 88		http://www.eure.gouv.fr/site/modul1/create			2 rue Alexandre		27300	Bernay
5da3458b-325b-4977-a552-b6d6a8fe316a	Sous-préfecture - Charolles	sous_pref	71106	http://www.saone-et-loire.gouv.fr	03 85 21 81 00			http://www.saone-et-loire.gouv.fr/contacts-r1753.html			28 rue de la Madeleine		71120	Charolles
5dc93f4f-c772-463a-a25b-feb110dd8f4a	Sous-préfecture - Verdun	sous_pref	55545	http://www.meuse.gouv.fr	03 29 84 86 00	03 29 84 77 25		http://www.meuse.gouv.fr/Contactez-nous			1 place Saint-Paul		55100	Verdun
5e0e57d8-efc0-4740-b5d2-3321c396409c	Subdivision administrative - Îles Marquises	sous_pref	98735	http://www.polynesie-francaise.pref.gouv.fr/Les-Subdivisions2/des-iles-Marquises	+689 40 91 00 80	+689 40 91 00 81	subdiv.marquises@polynesie-francaise.pref.gouv.fr		Taiohae				98742	Nuku Hiva
5f7fffa8-a2f3-4830-9c59-d8c67d56ba8a	Préfecture - Lot-et-Garonne	prefecture	47001	http://www.lot-et-garonne.gouv.fr	05 53 77 60 47	05 53 98 33 40		http://www.lot-et-garonne.gouv.fr/contacts-r388.html			Place de Verdun		47000	Agen
634271f6-e001-48ff-97bd-4b91ca455d0a	Préfecture - Landes	prefecture	40192	http://www.landes.gouv.fr	05 58 06 58 06	05 58 75 83 81	prefecture@landes.gouv.fr	http://www.landes.gouv.fr/contacts-r388.html			24-26 rue Victor-Hugo		40000	Mont-de-Marsan
63b36e23-aa43-4458-8dea-ec3e71744a50	Préfecture de région - Guadeloupe	prefecture_region	97105	http://www.guadeloupe.pref.gouv.fr/	+590 5 90 99 39 00	+590 5 90 81 58 32		http://www.guadeloupe.pref.gouv.fr/Contactez-nous	Palais d'Orléans		Rue Antoine-de-Lardenoy		97100	Basse-Terre
646e2a6b-839b-4530-a715-c3877869be58	Sous-préfecture - Épernay	sous_pref	51230	http://www.marne.gouv.fr	03 26 32 19 87	03 26 54 28 50	sp-epernay@marne.gouv.fr	http://www.marne.gouv.fr/Contactez-nous			1 rue Eugène-Mercier		51200	Épernay
65cad017-60e9-450c-9694-5f0912a0bbdb	Sous-préfecture - Château-Chinon	sous_pref	58062	http://www.nievre.gouv.fr	03 86 79 48 48	03 86 79 48 64	sp-chateau-chinon@nievre.gouv.fr				1 rue du Marché		58120	Château-Chinon
664e8895-40f0-4bfd-a6a0-988c54e3899d	Sous-préfecture - Péronne	sous_pref	80620	http://www.somme.gouv.fr	03 22 97 80 05	03 22 83 64 20	sp-peronne@somme.gouv.fr	http://www.somme.pref.gouv.fr/Contactez-nous			25 avenue Charles-Boulanger		80200	Péronne
66765611-f4c3-40a6-9d0b-63914d10c550	Sous-préfecture - Cholet	sous_pref	49099	http://www.maine-et-loire.gouv.fr	02 41 63 41 50	02 41 71 28 82		http://www.maine-et-loire.pref.gouv.fr/sections/header/3_nous_contacter/02_contact_cholet			30 rue de Trémolière		49300	Cholet
677614ea-f87a-48ca-9f3d-928e5aa2b272	Préfecture - Tarn	prefecture	81004	http://www.tarn.gouv.fr	05 63 45 61 61	05 63 45 60 20	courrier@tarn.pref.gouv.fr	http://www.tarn.gouv.fr/contacts-r524.html			Place de la Préfecture		81000	Albi
67aefdb7-9729-43ee-bc54-a768300c1f20	Préfecture - Seine-Maritime	prefecture	76540	http://www.seine-maritime.gouv.fr	02 32 76 50 00	02 35 98 10 50	prefecture@seine-maritime.gouv.fr	http://www.seine-maritime.gouv.fr/Contactez-nous			7 place de la Madeleine		76000	Rouen
6807a876-0df9-4d56-9eaa-fa29214a1c97	Subdivision administrative - Îles australes	sous_pref	98735	http://www.polynesie-francaise.pref.gouv.fr	+689 40 46 86 66	+689 40 46 86 69	subdiv.australes@polynesie-francaise.pref.gouv.fr				avenue Pouvanaa a Oopa		98714	Papeete, Tahiti
68982b67-c7ab-46f7-aa74-c9a46a7d04ad	Préfecture - Essonne	prefecture	91228	http://www.essonne.gouv.fr	01 69 91 91 91		prefecture@essonne.gouv.fr	http://www.essonne.gouv.fr/Contactez-nous	Cité administrative		Boulevard de France	CS10701 	91010	Évry Courcouronnes Cedex
6ade1784-caf8-438a-869d-6139cb1b6353	Préfecture - Territoire de Belfort	prefecture	90010	http://www.territoire-de-belfort.gouv.fr	03 84 57 00 07	03 84 21 32 62	pref-courrier@territoire-de-belfort.gouv.fr	http://www.territoire-de-belfort.gouv.fr/Contactez-nous			1 rue Bartholdi		90000	Belfort
6af72755-9335-4d81-b2e4-42722701b96e	Sous-préfecture - Albertville	sous_pref	73011	http://www.savoie.gouv.fr	04 79 32 06 55	04 79 10 41 26	sp-albertville@savoie.gouv.fr				86 rue Jean-Baptiste-Mathias	BP 112	73207	Albertville Cedex
6bb66b7c-51b5-459c-9064-32303e86258e	Sous-préfecture - Forbach-Boulay-Moselle	sous_pref	57227	http://www.moselle.gouv.fr	03 87 84 60 60	03 87 84 60 61	sp-forbach@moselle.gouv.fr				11 avenue du Général-Passaga		57600	Forbach
6c56f81e-c303-4006-bf23-0e35ecf0b9c0	Préfecture - Gard	prefecture	30189	http://www.gard.gouv.fr	04 66 36 43 90	04 66 36 00 87	prefecture@gard.gouv.fr	http://www.gard.gouv.fr/Contactez-nous			10 avenue Feuchères		30000	Nîmes
6c621151-dd16-44d1-b2c5-7277fddd01ad	Sous-préfecture - Vouziers	sous_pref	08490	http://www.ardennes.gouv.fr	03 24 71 64 65	03 24 71 90 88		http://www.ardennes.gouv.fr/contacts-r232.html			21 rue Gambetta		08400	Vouziers
6c9efeb4-1bd7-4ce8-9e35-95825bf7f5f7	Sous-préfecture - Nérac	sous_pref	47195	http://www.lot-et-garonne.gouv.fr	05 53 65 03 18	05 53 65 00 55	sous-prefecture-de-nerac@lot-et-garonne.pref.gouv.fr				2 avenue Maréchal-Foch		47600	Nérac
6cbec247-95d0-4aca-befe-352a3805c7de	Préfecture - Seine-Saint-Denis	prefecture	93008	http://www.seine-saint-denis.gouv.fr	01 41 60 60 60	01 48 30 22 88	prefecture@seine-saint-denis.gouv.fr				1 esplanade Jean-Moulin		93000	Bobigny
6d4cdd43-2b2b-4c22-9460-8cd6499657a3	Sous-préfecture - Cambrai	sous_pref	59122	http://www.nord.gouv.fr	03 27 72 59 59	03 27 78 11 00	sp-cambrai@nord.gouv.fr 	http://www.nord.gouv.fr/Contactez-nous			3 Place Fénelon		59400	Cambrai
6d7e9aed-82aa-4a39-941f-7ba58b331f19	Sous-préfecture - Antony	sous_pref	92002	http://www.hauts-de-seine.gouv.fr	01 40 97 20 00	01 43 50 57 90	sp-antony@hauts-de-seine.gouv.fr	http://www.hauts-de-seine.gouv.fr/Contactez-nous			99 avenue du Général-de-Gaulle		92160	Antony
6e67a3da-b560-4736-a89d-ddf7ee4cd0a3	Sous-préfecture - Argelès-Gazost	sous_pref	65025	http://www.hautes-pyrenees.gouv.fr	05 62 97 71 71	05 62 97 55 99	sp-argeles@hautes-pyrenees.gouv.fr				1 avenue Monseigneur-Flauss		65400	Argelès-Gazost
6e8b5540-e240-41d3-a029-b6262c5a5373	Préfecture - Tarn-et-Garonne	prefecture	82121	http://www.tarn-et-garonne.gouv.fr	05 63 22 82 00	05 63 93 33 79		http://www.tarn-et-garonne.gouv.fr/Contactez-nous			2 allée de l'Empereur		82013	Montauban
6f7e584b-cb88-4321-896a-cf4eb40189ba	Sous-préfecture - Montluçon	sous_pref	03185	http://www.allier.gouv.fr	04 70 02 25 00	04 70 02 25 01	sp-montlucon@allier.gouv.fr				6 place de la Comédie		03100	Montluçon
6f894895-c422-47f3-a9c3-c9f6a64c4c9f	Sous-préfecture - Valenciennes	sous_pref	59606	http://www.nord.gouv.fr	03 27 14 59 59	03 27 14 59 49	sp-valenciennes@nord.gouv.fr				6 avenue des Dentellières		59300	Valenciennes
70ca07b0-db06-41a7-ae0f-58239c9a643a	Préfecture - Val-d'Oise	prefecture	95127	http://www.val-doise.gouv.fr	01 34 20 95 95	01 77 63 60 11	prefecture@val-doise.gouv.fr	http://www.val-doise.gouv.fr/Contactez-nous			5 avenue Bernard-Hirsch		95000	Cergy-Pontoise
710cec13-2386-4936-a169-dea4e57dce85	Sous-préfecture - Montmorillon	sous_pref	86165	http://www.vienne.gouv.fr	05 49 47 25 30 	05 49 91 20 75	sous-prefecture-de-montmorillon@vienne.pref.gouv.fr	http://www.vienne.gouv.fr/Contactez-nous			1 boulevard de Strasbourg		86500	Montmorillon
7121906b-cecf-46b5-abe5-ec4f9ef8c669	Préfecture - Guadeloupe	prefecture	97105	http://www.guadeloupe.pref.gouv.fr	+590 5 90 99 39 00	+590 5 90 81 58 32		http://www.guadeloupe.pref.gouv.fr/Contactez-nous/Contact-general	Palais d'Orléans		Rue Lardenoy		97100	Basse-Terre
715f7838-001b-4f45-9cd0-cfb95b6b6fd2	Préfecture - Aisne	prefecture	02408	http://www.aisne.gouv.fr	03 23 21 82 82	03 23 20 69 58	prefecture@aisne.gouv.fr	http://www.aisne.gouv.fr/Contactez-nous			2 rue Paul-Doumer		02000	Laon
7247f1ea-667b-4677-9c4a-3f4b6d577572	Sous-préfecture - Aix-en-Provence	sous_pref	13001	http://www.bouches-du-rhone.gouv.fr	04 42 17 56 00	04 42 63 07 15	sp-aix-en-provence@bouches-du-rhone.pref.gouv.fr	http://www.bouches-du-rhone.gouv.fr/Contactez-nous			Place Félix-Baret		13006	Marseille
72b4fc6a-acca-49fc-8eb1-485b1b38bcf2	Sous-préfecture - Vienne	sous_pref	38544	http://www.isere.gouv.fr	04 74 53 26 25	04 74 53 15 82	pref-question-spvienne@isere.gouv.fr	http://www.isere.gouv.fr/Contactez-nous			16 boulevard Eugène-Arnaud		38200	Vienne
72fbe34d-5350-42ae-90b9-e47106d0e7d8	Préfecture - Calvados	prefecture	14118	http://www.calvados.gouv.fr	02 31 30 64 00	02 31 30 67 81	prefecture@calvados.gouv.fr	http://www.calvados.gouv.fr/contacts-r1218.html			Rue Daniel-Huet		14000	Caen
7369e905-02f3-4ed3-ab36-0937d43b8d65	Sous-préfecture - Mayenne	sous_pref	53147	http://www.mayenne.gouv.fr	02 53 54 54 00	02 53 54 54 04	sp.mayenne@mayenne.gouv.fr	http://www.mayenne.gouv.fr/Contacts			40 rue Ambroise-de-Loré		53100	Mayenne
7456d3d9-3ad5-4a42-b3bd-4bed2ee4cba1	Sous-préfecture - Prades	sous_pref	66149	http://www.pyrenees-orientales.pref.gouv.fr	04 68 05 39 39	04 68 34 68 51		http://www.pyrenees-orientales.gouv.fr/Contactez-nous/Contact-general			177 avenue du Général-de-Gaulle		66500	Prades
7498cbe7-60b7-4826-84cb-75bb54892143	Sous-préfecture - Tournon-sur-Rhône	sous_pref	07324	http://www.ardeche.gouv.fr	04 75 07 07 70	04 75 07 03 25	sp-tournon@ardeche.gouv.fr				Rue Boissy-d'Anglas		07300	Tournon-sur-Rhône
74aff24d-6edf-4a6f-a9a3-3cbeea9309a3	Préfecture - Corrèze	prefecture	19272	http://www.correze.gouv.fr	05 55 20 55 20	05 55 26 82 02	prefecture@correze.gouv.fr	http://www.correze.pref.gouv.fr/Contactez-nous			1 rue Souham		19000	Tulle
758f8aa9-cead-457b-b3a4-1dc9366369f1	Sous-préfecture - Saint-Dizier	sous_pref	52448	http://www.haute-marne.gouv.fr	03 25 56 51 23	03 25 56 94 58	sp-saint-dizier@haute-marne.gouv.fr				54 rue Gambetta		52100	Saint-Dizier
760dfaf1-baa7-4e92-bf66-e448a66877b9	Sous-préfecture - Langres	sous_pref	52269	https://www.haute-marne.gouv.fr/Services-de-l-Etat/Prefecture-et-sous-prefectures/Sous-prefecture-de-Langres	03 25 87 07 57	03 25 87 93 34	sp-langres@haute-marne.gouv.fr				8 rue Tassel		52200	Langres
76e1ee0b-8cef-4ac5-9783-2d81efaf63e1	Sous-préfecture - Lannion	sous_pref	22113	http://www.cotes-darmor.gouv.fr	02 96 62 44 22	02 56 57 41 76	sp-lannion@cotes-darmor.gouv.fr				9 rue Joseph-Morand		22300	Lannion
770ad5fe-b798-4bac-9df2-1f0ecd3d6e57	Préfecture - Dordogne	prefecture	24322	http://www.dordogne.gouv.fr	05 53 02 24 24	05 53 08 88 27	prefecture@dordogne.gouv.fr	http://www.dordogne.gouv.fr/Contactez-nous			2 rue Paul-Louis-Courier		24000	Périgueux
77157508-65b5-4cc4-b427-28d0d7c8109a	Préfecture - Lozère	prefecture	48095	http://www.lozere.gouv.fr	04 66 49 60 00	04 66 49 60 60	prefecture@lozere.gouv.fr	http://www.lozere.gouv.fr/Contactez-nous			2 rue de la Rovère		48000	Mende
78798b1c-f58a-4299-af07-8a5d936b35d9	Sous-préfecture - Alès	sous_pref	30007	http://www.gard.gouv.fr	04 66 56 39 39	04 66 86 20 26	contact-sp-ales@gard.pref.gouv.fr	http://www.gard.gouv.fr/Contactez-nous			3 boulevard Louis-Blanc		30100	Alès
79705144-5fd8-4025-801f-1883e37744dc	Sous-préfecture - Rochefort-sur-Mer	sous_pref	17299	http://www.charente-maritime.gouv.fr	05 46 87 08 08	05 46 99 80 76					21 rue Jean-Jaurès		17300	Rochefort
7971286d-3746-4bb8-a4bd-48a927810b79	Sous-préfecture - Toul	sous_pref	54528	http://www.meurthe-et-moselle.gouv.fr	03 83 65 35 35		sp-toul@meurthe-et-moselle.gouv.fr				9 rue Firmin-Gouvion		54200	Toul
7996bb87-77d0-4570-a7cd-325e0cc48b2f	Préfecture - Haute-Savoie	prefecture	74010	http://www.haute-savoie.gouv.fr	04 50 33 60 00	04 50 52 90 05		http://www.haute-savoie.gouv.fr/Contactez-nous			Rue du 30e-Régiment-d'Infanterie		74000	Annecy
7ced2ae9-068c-40c5-8175-e0f2fbd596b1	Préfecture - Meuse	prefecture	55029	http://www.meuse.gouv.fr	03 29 77 55 55	03 29 79 64 49		http://www.meuse.pref.gouv.fr/Contactez-nous			40 rue du Bourg		55000	Bar-le-Duc
7d2e84b9-7c09-4a87-aec7-556bbef140af	Sous-préfecture - Bonneville	sous_pref	74042	http://www.haute-savoie.gouv.fr	04 50 97 18 88	04 50 25 79 36	sp-bonneville@haute-savoie.gouv.fr				122 rue du Pont		74130	Bonneville
7d85bf5b-4bb5-4ab0-8ae0-8b03c541e454	Sous-préfecture - Le Havre	sous_pref	76351	http://www.seine-maritime.gouv.fr	02 35 13 34 56						95 boulevard de Strasbourg		76600	Le Havre
7ed9e7d5-f7e2-4ea8-a5ef-88a1ae48b6b8	Sous-préfecture - Sarlat-la-Canéda	sous_pref	24520	http://www.dordogne.gouv.fr	05 47 24 16 66	05 53 28 53 69	sp-sarlat@dordogne.gouv.fr	http://www.dordogne.gouv.fr/Contactez-nous			Place Salvador-Allende		24200	Sarlat-la-Canéda
80fb222a-243d-4c93-b348-c7c1dbc0a403	Sous-préfecture - Villefranche-sur-Saône	sous_pref	69264	http://www.rhone.gouv.fr	04 72 61 61 61	04 74 62 66 03	sp-sec-sprefvill@rhone.gouv.fr				36 rue de la République		69400	Villefranche-sur-Saône
81344c70-3601-481e-857d-a24f50b5e5a7	Préfecture - Savoie	prefecture	73065	http://www.savoie.gouv.fr	04 79 75 50 00	04 79 75 08 27	prefecture@savoie.gouv.fr	http://www.savoie.pref.gouv.fr/Contactez-nous	Château des Ducs-de-Savoie				73000	Chambéry
81ff52cf-fe89-4224-a9ec-1eec2098fd40	Sous-préfecture - Bergerac	sous_pref	24037	http://www.dordogne.gouv.fr	05 53 61 53 00	05 53 58 36 80	sp-bergerac@dordogne.gouv.fr				16 place Gambetta		24100	Bergerac
83fa4552-cc1f-4490-95f7-3dacca36945f	Sous-préfecture - Saint-Jean-de-Maurienne	sous_pref	73248	http://www.savoie.gouv.fr	04 79 64 07 00	04 79 59 95 27	sp-st-jean-de-mne@savoie.gouv.fr				Rue de la Sous-Préfecture		73300	Saint-Jean-de-Maurienne
862954e0-d918-4581-bdb3-e397df94003d	Préfecture - Allier	prefecture	03190	http://www.allier.gouv.fr/	04 70 48 30 00	04 70 20 57 72	prefecture@allier.gouv.fr				2 rue Michel-de-L'Hospital		03000	Moulins
869d8e5a-0c0a-468c-8736-ce74cfacbc76	Préfecture - Mayenne	prefecture	53130	http://www.mayenne.gouv.fr	02 43 01 50 00	02 43 56 72 85	pref-communication@mayenne.gouv.fr	http://www.mayenne.gouv.fr/Contacts			46 rue Mazagran		53000	Laval
86d0ebc6-a84b-4cc8-a178-f5172ca3584c	Préfecture - Haute-Vienne	prefecture	87085	http://www.haute-vienne.gouv.fr	05 55 44 18 00	05 55 44 17 54	pref-pass87@haute-vienne.gouv.fr	http://www.haute-vienne.gouv.fr/Contactez-nous			12 rue des Combes		87000	Limoges
8791403a-8e34-4fa9-ab67-c5bd96b5a699	Sous-préfecture - Langon	sous_pref	33227	http://www.gironde.gouv.fr	05 56 90 60 60		sp-langon@gironde.gouv.fr				19 cours des Fossés		33210	Langon
87dd8297-6a1b-47f2-b58b-f4816b9b4737	Sous-préfecture - Saintes	sous_pref	17415	http://www.charente-maritime.gouv.fr	05 46 92 37 00	05 46 93 22 32	sp-saintes@charente-maritime.gouv.fr				12 place du Synode		17100	Saintes
881ab6bb-76ac-4036-9fff-58e6f984853f	Sous-préfecture - Castres	sous_pref	81065	http://www.tarn.gouv.fr	05 63 71 55 55	05 63 72 34 34 	sous-prefecture-de-castres@tarn.pref.gouv.fr				16 boulevard Georges Clémenceau		81100	Castres
885ea458-c4db-4634-8d91-d651c44ba72d	Préfecture - Sarthe	prefecture	72181	http://www.sarthe.gouv.fr	02 43 39 70 00 (informations)	02 43 28 24 09	pref-mail@sarthe.gouv.fr	http://www.sarthe.gouv.fr/contacts-r628.html			Place Aristide Briand		72000	Le Mans
88df876f-8048-41cd-b985-d796bd21580e	Préfecture - Nord	prefecture	59350	http://www.nord.gouv.fr	03 20 30 59 59	03 20 57 08 02		http://www.nord.gouv.fr/Contactez-nous			12 rue Jean-sans-Peur		59000	Lille
8935c6a6-8581-402a-a740-26e8aaf19693	Sous-préfecture - Thionville	sous_pref	57672	http://www.moselle.gouv.fr	03 82 59 19 20	03 82 59 19 21	sp-thionville@moselle.gouv.fr				6 rue du Général-de-Castelnau		57100	Thionville
8a509932-1251-4394-ae11-7d97b7c08225	Sous-préfecture - Vitry-le-François	sous_pref	51649	http://www.marne.gouv.fr	03 26 74 00 54	03 26 72 37 90	sp-vitry-le-francois@marne.gouv.fr	http://www.marne.gouv.fr/Contactez-nous			4 rue Maître-Edmé		51300	Vitry-le-François
8b658749-48cb-4ee2-a66e-ae8a6be17132	Sous-préfecture - Morlaix	sous_pref	29151	http://www.finistere.gouv.fr	02 98 62 72 72	02 98 62 72 55	sp-morlaix@finistere.gouv.fr				9 rue de la République		29600	Morlaix
8cc2c771-9315-4822-8f3a-7b6c1d25bf2b	Sous-préfecture - L'Haÿ-les-Roses	sous_pref	94038	http://www.val-de-marne.pref.gouv.fr	01 49 56 65 00	01 49 56 65 70	prefecture@val-de-marne.gouv.fr	http://www.val-de-marne.pref.gouv.fr/Contactez-nous/Contact-general			2 avenue Larroumès		94240	L'Haÿ-les-Roses
8d375b29-7be6-4f7f-94a2-48c886c619e5	Sous-préfecture - Saint-Quentin	sous_pref	02691	http://www.aisne.gouv.fr	03 60 09 81 11	03 23 06 61 21	sp-saint-quentin@aisne.gouv.fr				22-24 rue de la Sous-Préfecture		02100	Saint-Quentin
8e2ee8f6-58ec-46bd-aec2-dd17e15aaf77	Sous-préfecture - Aubusson	sous_pref	23008	http://www.creuse.gouv.fr	05 55 51 59 00	05 55 66 39 55		http://www.creuse.gouv.fr/Contactez-nous/Contact-general			5 rue Saint-Jean		23200	Aubusson
8e97ef14-2357-444b-9fdd-f589bab36cf3	Sous-préfecture - Carpentras	sous_pref	84031	http://www.vaucluse.gouv.fr	04 90 67 70 00	04 90 63 08 90	sous-prefecture-de-carpentras@vaucluse.pref.gouv.fr				62 rue de la Sous-Préfecture		84200	Carpentras
8ef096f0-fdc3-4417-9633-34bbafeb82db	Subdivision administrative - Îles Sous-le-Vent	sous_pref	98735	http://www.polynesie-francaise.pref.gouv.fr/Les-Subdivisions2/des-iles-Sous-le-Vent	+689 40 60 00 50	+689 40 66 23 78	subdiv.iles-sous-le-vent@polynesie-francaise.pref.gouv.fr						98735	Uturoa
8fd1ed65-9b74-432e-8319-6a45dc4e79bb	Sous-préfecture - Torcy	sous_pref	77468	http://www.seine-et-marne.gouv.fr	00 60 95 59 77	01 60 95 59 79	sp-torcy@seine-et-marne.gouv.fr				7 rue Gérard-Philippe, Torcy		77200	Marne-la-Vallée
90e98c0a-e926-49a3-ae57-0418592e7a3a	Préfecture (Administration supérieure) - Wallis-et-Futuna 	prefecture	98613	http://www.wallis-et-futuna.pref.gouv.fr	+681 72 27 27	+681 72 23 00	webmestre@wallis-et-futuna.pref.gouv.fr					BP 16 - Havelu - Mata'Utu	98600	Wallis-et-Futuna
926abe85-3fcb-4ba3-b503-f420bb243c5d	Sous-préfecture - Châteaulin	sous_pref	29026	http://www.finistere.gouv.fr	02 98 86 10 17	02 98 86 18 65	sp-chateaulin@finistere.gouv.fr				33 rue de l'Amiral-Bauguen		29150	Châteaulin
951743a8-9d0f-4eba-9874-1bbb2c05b372	Sous-préfecture - La Flèche	sous_pref	72154	http://www.sarthe.gouv.fr	02 43 39 60 50	02 43 45 30 90	sp-la-fleche@sarthe.gouv.fr				36 rue Pape-Carpentier		72200	La Flèche
9594ddef-d100-48d5-aa93-105a82d7b8e2	Sous-préfecture - Argentan	sous_pref	61006	http://www.orne.gouv.fr	02 33 80 61 61 	02 33 39 54 52	sp-argentan@orne.gouv.fr				9 route de Sées		61200	Argentan
95b84fba-0118-47bc-ba43-79257b47d72e	Sous-préfecture - Molsheim	sous_pref	67300	http://www.bas-rhin.gouv.fr	03 88 49 72 72	03 88 49 72 73	prefecture@bas-rhin.gouv.fr				1 route de Mutzig		67120	Molsheim
966f71dd-d463-4994-ad32-2f351bccb55c	Préfecture - Morbihan	prefecture	56260	http://www.morbihan.gouv.fr	02 97 54 84 00	02 97 42 59 45	prefecture@morbihan.gouv.fr	http://www.morbihan.gouv.fr/Contactez-nous			24 place de la République		56000	Vannes
97aee73f-4216-4b70-94bb-bc5bd5d76984	Préfecture - Rhône	prefecture	69383	http://www.rhone.gouv.fr	04 72 61 61 61 (serveur vocal)			http://www.rhone.gouv.fr/Contactez-nous			106 rue Pierre-Corneille		69003	Lyon
988f7a47-9a14-4e76-8555-5e7bcc477e17	Sous-préfecture - Brive-la-Gaillarde	sous_pref	19031	http://www.correze.gouv.fr	05 55 17 79 54	05 55 24 55 72	sp-brive@correze.gouv.fr				Boulevard Jules-Ferry		19100	Brive-la-Gaillarde
989adb94-9d39-4054-aaf5-2572aa11ec63	Préfecture - Jura	prefecture	39300	http://www.jura.gouv.fr	03 84 86 84 00	03 84 43 42 86	prefecture@jura.gouv.fr	http://www.jura.gouv.fr/Contactez-nous			8 rue de la Préfecture		39000	Lons-le-Saunier
99392b20-dff3-40bd-9496-8d6d999b7872	Préfecture - Loire-Atlantique	prefecture	44109	http://www.loire-atlantique.gouv.fr	02 40 41 20 20	02 40 41 20 25	prefecture@loire-atlantique.gouv.fr	http://www.loire-atlantique.pref.gouv.fr/Contactez-nous			6 quai Ceineray		44000	Nantes
9a487219-f5b9-4e9a-9a34-442897ca64bf	Sous-préfecture - Sarcelles	sous_pref	95585	http://www.val-doise.gouv.fr	01 34 20 95 95	01 34 04 30 19	sp-sarcelles@val-doise.gouv.fr				1 boulevard François-Mitterrand		95200	Sarcelles
9a58d701-f793-486d-863c-63ee35dd2b10	Préfecture - Haut-Rhin	prefecture	68066	http://www.haut-rhin.gouv.fr	03 89 29 20 00	03 89 41 77 70	pref-courrier@haut-rhin.gouv.fr	http://www.haut-rhin.pref.gouv.fr/Contactez-nous			7 rue Bruat		68000	Colmar
9b4029f4-b42c-4b5d-9934-483d5b38b63f	Préfecture - Cantal	prefecture	15014	http://www.cantal.gouv.fr	04 71 46 23 00	04 71 64 88 01	courrier@cantal.pref.gouv.fr	http://www.cantal.gouv.fr/contacts-r2068.html			Cours Monthyon		15000	Aurillac
9b6320b7-7eb6-4af3-b036-6ba2e4b813ea	Préfecture de région - Bourgogne-Franche-Comté	prefecture_region	21231	http://www.prefectures-regions.gouv.fr/bourgogne-franche-comte	03 80 44 64 00	03 80 30 65 72		http://www.prefectures-regions.gouv.fr/bourgogne-franche-comte/Outils/Nous-contacter			53 rue de la Préfecture		21000	Dijon
9ce6d94a-0c7a-4f70-a850-b9f43fd0ebc0	Sous-préfecture - Millau	sous_pref	12145	http://www.aveyron.gouv.fr	05 65 61 17 00	05 65 60 19 26	sp-millau@aveyron.gouv.fr				39 boulevard de la République		12100	Millau
9d8b65bd-9150-413c-a0ab-7448c7262bd0	Sous-préfecture - Yssingeaux	sous_pref	43268	http://www.haute-loire.pref.gouv.fr	04 71 65 71 00	04 71 65 71 09					22 rue d'Alsace-Lorraine		43200	Yssingeaux
9e476da4-b440-4767-a3d5-f32753dec22b	Préfecture - Haute-Corse	prefecture	2B033	http://www.haute-corse.gouv.fr	04 95 34 50 00	04 95 31 64 81	prefecture@haute-corse.gouv.fr	http://www.haute-corse.gouv.fr/contacts-r288.html	rond-point		Maréchal Leclerc de Hautecloque		20200	Bastia
9f097f26-ced8-479b-a521-3d3d7762f87f	Préfecture de région - Normandie	prefecture_region	76540	http://prefectures-regions.gouv.fr/normandie	02 32 76 50 00	02 35 98 10 50		http://prefectures-regions.gouv.fr/normandie/Outils/Nous-contacter			7 place de la Madeleine		76000	Rouen
9f3a7423-2280-4368-9493-ec8b1997523e	Sous-préfecture - Saint-Benoît	sous_pref	97410	http://www.reunion.pref.gouv.fr	+262 2 62 40 89 60	+262 2 62 50 34 88	sous-prefecture-de-stbenoit@reunion.pref.gouv.fr				7 avenue François-Mitterrand		97470	Saint-Benoît
9fdda91b-1b4a-4bfc-9891-4c4c8bad005b	Sous-préfecture - Le Blanc	sous_pref	36018	http://www.indre.gouv.fr	02 54 29 51 65		sp-le-blanc@indre.gouv.fr	http://www.indre.pref.gouv.fr/Contactez-nous/Contact-general			10 rue de la Sous-Préfecture		36300	Le Blanc
a10dbfe1-2747-4e26-98a5-a7b6dec808f3	Sous-préfecture - Guingamp	sous_pref	22070	http://www.cotes-darmor.gouv.fr	02 96 62 44 22	02 96 44 44 96	sp-guingamp@cotes-darmor.gouv.fr	http://www.cotes-darmor.gouv.fr/Contactez-nous			34 rue du Maréchal-Joffre		22200	Guingamp
a198c12b-5ae6-4c67-9a29-fb47323c8b7f	Préfecture - Pas-de-Calais	prefecture	62041	http://www.pas-de-calais.gouv.fr	03 21 21 20 00	03 21 55 30 30		http://www.pas-de-calais.pref.gouv.fr/Contactez-nous/Autres			Rue Ferdinand-Buisson		62000	Arras
a28b5c9c-1989-4b70-ad60-311508c55064	Sous-préfecture - Saint-Gaudens	sous_pref	31483	http://www.haute-garonne.gouv.fr	05 34 45 34 45			http://www.haute-garonne.gouv.fr/Outils/Formulaires-de-contact-definis/Prefecture-Accueil-general			2 rue du Général-Leclerc		31800	Saint-Gaudens
a3ede78e-3749-464b-8ea5-6593e535c279	Sous-préfecture - Dinan	sous_pref	22050	http://www.cotes-darmor.gouv.fr	02 96 62 44 22	02 96 85 17 78	sp-dinan@cotes-darmor.gouv.fr				17 rue Michel		22100	Dinan
a4aefe37-ddcd-4e52-9f8c-4741b0f5d8ba	Sous-préfecture - Lisieux	sous_pref	14366	http://www.calvados.gouv.fr	02 31 31 66 00	02 31 31 00 18	sp-lisieux@calvados.gouv.fr				24 boulevard Carnot		14100	Lisieux
a6570311-274c-4d02-a644-f20a7217b815	Haut-commissariat de la République - Nouvelle-Calédonie	prefecture	98818	http://www.nouvelle-caledonie.gouv.fr	+687 26 63 00	+687 27 28 28		http://www.nouvelle-caledonie.gouv.fr/Contactez-nous	Centre administratif du Haut-commissariat		9 bis rue de la République	BP C5	98844	Nouméa Cedex
a68167ac-ca2d-41cb-8b2f-5da467e46c03	Préfecture de région - Île-de-France et Paris	prefecture_region	75115	http://prefectures-regions.gouv.fr/ile-de-france	01 82 52 40 00			http://prefectures-regions.gouv.fr/ile-de-france/Outils/Nous-contacter			5 rue Leblanc		75015	Paris
a71a0c0f-d2c7-4862-8f29-381b03436851	Préfecture de région - La Réunion	prefecture_region	97411	http://www.reunion.gouv.fr/	+262 2 62 40 77 77	+262 2 62 41 73 74		http://www.reunion.gouv.fr/contacts-r14.html			6 rue des Messageries		97404	Saint-Denis-de-la-Réunion
a7317304-58e1-4e2c-91ce-52ddf9fad526	Sous-préfecture - Saint-Julien-en-Genevois	sous_pref	74243	http://www.haute-savoie.gouv.fr	04 50 35 13 13	04 50 49 13 42	sp-saint-julien@haute-savoie.gouv.fr				4 avenue de Genève		74160	Saint-Julien-en-Genevois
a87a293c-97be-4482-b744-f6f66d0a3c26	Sous-préfecture - Château-Salins	sous_pref	57132	http://www.moselle.gouv.fr	03 87 05 10 22	+33 3 87 05 19 34	sp-chateau-salins@moselle.gouv.fr				6, rue de Nancy		57170	Château-Salins
a99d973d-0c39-4b5f-b09c-bf0e5526904f	Sous-préfecture - Pontivy	sous_pref	56178	http://www.morbihan.gouv.fr	02 97 54 84 00	02 97 27 83 25	prefecture@morbihan.gouv.fr	http://www.morbihan.gouv.fr/Contactez-nous			8 rue François-Mitterand		56306	Pontivy Cedex
a9e9229d-80fd-44c9-b199-530ed609c85f	Sous-préfecture - Rochechouart	sous_pref	87126	https://www.haute-vienne.gouv.fr	05 87 03 11 30	05 55 43 83 23	sp-rochechouart@haute-vienne.gouv.fr 	http://www.haute-vienne.gouv.fr/Contactez-nous			2 place des Halles		87600	Rochechouart
a9f623ce-7801-4d9f-99e0-753f78f4b6c4	Préfecture de région - Centre-Val de Loire	prefecture_region	45234	http://prefectures-regions.gouv.fr/centre-val-de-loire	0 821 80 30 45	02 38 53 32 48		http://prefectures-regions.gouv.fr/centre-val-de-loire/Outils/Nous-contacter			181 rue de Bourgogne		45000	Orléans
aa15b4d1-da62-44bc-aca6-92d97614da0d	Sous-préfecture - Draguignan	sous_pref	83050	http://www.var.gouv.fr	04 94 60 41 00	04 94 47 11 75		http://www.var.gouv.fr/contacts-r1376.html			1 boulevard Maréchal-Foch		83300	Draguignan
ab7e2333-bcc1-4d47-b705-a0dc6e1d058c	Préfecture - Aube	prefecture	10387	https://www.aube.gouv.fr/	03 25 42 35 00	03 25 73 77 26	prefecture@aube.gouv.fr				2 rue Pierre-Labonde		10000	Troyes
ab8fc275-025b-4b56-b100-08f79f06ea24	Préfecture de région - Pays de la Loire	prefecture_region	44109	http://prefectures-regions.gouv.fr/pays-de-la-loire	02 40 41 20 20	02 40 41 20 25		http://prefectures-regions.gouv.fr/pays-de-la-loire/Outils/Nous-contacter			6 quai Ceineray		44000	Nantes
ac999b37-ac42-4aaa-ae5a-67005d970532	Sous-préfecture - Brest	sous_pref	29019	http://www.finistere.gouv.fr	02 98 00 97 00	02 98 43 26 32	sp-brest@finistere.gouv.fr				3 rue Parmentier		29200	Brest
ad4a8a08-23b6-4603-87e0-dd8f989775c0	Sous-préfecture - Issoire	sous_pref	63178	http://www.auvergne.pref.gouv.fr	04 73 89 07 76	04 73 89 29 87	sp-issoire@puy-de-dome.gouv.fr				1 boulevard de la Sous-Préfecture		63500	Issoire
ad841ddb-e0df-4818-b9f1-3551a33b3851	Sous-préfecture - Meaux	sous_pref	77284	http://www.seine-et-marne.gouv.fr	01 60 09 83 77	01 60 25 38 99					27 place de l'Europe		77100	Meaux
ad8678de-d6ad-4fea-9cb1-5fbc6d57c8e8	Préfecture de région - Grand Est	prefecture_region	67482	https://www.prefectures-regions.gouv.fr/grand-est	03 88 21 67 68	03 88 21 62 16		https://www.prefectures-regions.gouv.fr/grand-est/Outils/Nous-contacter			5 place de la République		67000	Strasbourg
add2d381-5493-446d-b3ce-443a8f09b770	Sous-préfecture - Soissons	sous_pref	02722	http://www.aisne.gouv.fr	03 60 09 80 00	03 23 74 56 51	sp-soissons@aisne.gouv.fr				2 rue Saint-Jean		02200	Soissons
ae076615-846b-4b2d-8d9a-88f8a17fb9dc	Sous-préfecture - Muret	sous_pref	31395	http://www.haute-garonne.gouv.fr	05 34 46 38 08	05 61 51 64 11					10 allées Niel		31600	Muret
aeb32b13-7cfe-4a84-a6a4-21e77fca0dda	Sous-préfecture - Avranches	sous_pref	50025	http://www.manche.gouv.fr	02 33 79 04 40	02 33 79 04 44	sp-avranches@manche.gouv.fr				Place Daniel-Huet		50300	Avranches
af21af1a-ac75-4185-94b8-7ce41d80d2fc	Sous-préfecture - Dunkerque	sous_pref	59183	http://www.nord.gouv.fr/Services-de-l-Etat/Prefecture-et-sous-prefectures/Sous-prefectures/Arrondissement-de-Dunkerque	03 28 20 59 59	03 28 20 59 79	sous-prefecture-de-dunkerque@nord.pref.gouv.fr				27 rue Thiers		59140	Dunkerque
af561137-140b-44d2-97dc-c8bf186eaf37	Préfecture de région - Occitanie	prefecture_region	31555	http://prefectures-regions.gouv.fr/occitanie	05 34 45 34 45	05 34 45 37 38		http://prefectures-regions.gouv.fr/occitanie/Outils/Nous-contacter			1 place Saint-Étienne		31000	Toulouse
afdbadc1-c1f5-421e-8920-cb4186a36dba	Subdivision administrative - Province Sud	sous_pref	98813	http://www.nouvelle-caledonie.gouv.fr	+687 44 32 44	+687 44 35 79	sas@nouvelle-caledonie.gouv.fr		Subdivision administrative Sud				98880	La Foa
b035fbb6-bda3-4751-b98c-6aa3d14b4f35	Sous-préfecture - Avallon	sous_pref	89025	http://www.yonne.gouv.fr	03 86 34 92 00	03 86 34 92 12	sp-avallon@yonne.gouv.fr	http://www.yonne.gouv.fr/Contactez-nous			24 rue de Lyon		89200	Avallon
b07dff0b-5af8-4359-9c04-ffeb1cba13c9	Préfecture - Meurthe-et-Moselle	prefecture	54395	http://www.meurthe-et-moselle.gouv.fr	03 83 34 26 26		pref-informations@meurthe-et-moselle.gouv.fr	http://www.meurthe-et-moselle.gouv.fr/Contactez-nous			1 rue Préfet-Claude-Érignac		54000	Nancy
b10e78eb-7e1f-4a39-a345-5356a242b6d9	Préfecture - La Réunion	prefecture	97411	http://www.reunion.pref.gouv.fr	+262 2 62 40 77 77	+262 2 62 41 73 74	courrier@reunion.pref.gouv.fr	http://www.reunion.pref.gouv.fr/spip.php?article167			6 rue des Messageries		97400	Saint-Denis
b133dabd-a95d-463c-b9d0-d6a2cc35524f	Sous-préfecture - Apt	sous_pref	84003	http://www.vaucluse.gouv.fr	04 90 04 38 00	04 90 74 66 36	sous-prefecture-de-apt@vaucluse.pref.gouv.fr	http://www.vaucluse.gouv.fr/par-service-r2822.html			Place Gabriel-Péri		84400	Apt
b15e371b-5e5d-4a51-b030-411823e4eb3e	Préfecture - Charente-Maritime	prefecture	17300	http://www.charente-maritime.gouv.fr	05 46 27 43 00	05 46 41 10 30	prefecture@charente-maritime.gouv.fr	http://www.charente-maritime.pref.gouv.fr/Contactez-nous	Accueil Préfecture – Site Duperré 		5 Place des Cordeliers 		17000	La Rochelle
b2a31944-6cf0-46f1-8f98-05d3e85cdbae	Préfecture de région - Provence-Alpes-Côte-d'Azur	prefecture_region	13055	http://prefectures-regions.gouv.fr/provence-alpes-cote-dazur	04 84 35 40 00	04 84 35 48 55		http://prefectures-regions.gouv.fr/provence-alpes-cote-dazur/Outils/Nous-contacter	place Félix-Baret			CS30001	13259	Marseille Cedex 06
b2c8ed28-33b3-4841-b04a-8c220e122751	Sous-préfecture - Le Marin	sous_pref	97217	http://www.martinique.pref.gouv.fr	05 96 74 92 90	05 96 74 95 26	sous-prefecture-de-marin@martinique.pref.gouv.fr	http://www.martinique.pref.gouv.fr/Contactez-nous/Contact-general			Morne Désir		97290	Le Marin
b5738c18-0e90-4c8b-bca3-5f42f6c31807	Préfecture - Charente	prefecture	16015	http://www.charente.gouv.fr	05 45 97 61 00	05 45 97 61 16	communication@charente.gouv.fr	http://www.charente.pref.gouv.fr/fre/Contactez-nous			7-9 rue de la Préfecture		16000	Angoulême
b6353fa5-3e06-4f7c-8f35-dc42aecac89f	Sous-préfecture - Gex	sous_pref	01173	http://www.ain.gouv.fr	04 50 41 51 51	04 50 41 42 87	sp-gex@ain.gouv.fr				26 rue Charles-Harent		01170	Gex
b66b178f-dfe7-4c0a-bb92-b267acecfa48	Sous-préfecture - Montbard	sous_pref	21425	http://www.cote-dor.gouv.fr	03 45 43 80 50	03 80 30 65 72	sp-montbard@cote-dor.gouv.fr	http://www.cote-dor.gouv.fr/par-service-r709.html			25 rue du Champfleury		21500	Montbard
b72ca22f-907c-48ff-91e0-c8b3aa953ae5	Préfecture - Moselle	prefecture	57463	http://www.moselle.gouv.fr	03 87 34 87 34	03 87 32 57 39	webmestre@moselle.pref.gouv.fr				9 place de la Préfecture		57000	Metz
b769903c-b3e3-4219-a30a-50f08670f27a	Sous-préfecture - Montdidier	sous_pref	80561	http://www.somme.gouv.fr	03 22 98 30 30	03 22 98 30 20	 sp-montdidier@somme.gouv.fr 	http://www.somme.pref.gouv.fr/Contactez-nous			7 rue Jean-Dupuy		80500	Montdidier
b8310757-c178-43fe-aec5-0cb4803b86b2	Préfecture - Yvelines	prefecture	78646	http://www.yvelines.gouv.fr	01 39 49 78 00	01 39 49 45 91	pref-communication78@yvelines.gouv.fr				1 rue Jean-Houdon		78000	Versailles
b8873d79-5635-4c1b-8a53-92f6e368932c	Sous-préfecture - Haguenau-Wissembourg	sous_pref	67180	http://www.bas-rhin.gouv.fr	03 88 63 87 00	03 88 21 62 16	sous-prefecture-de-haguenau@bas-rhin.pref.gouv.fr				2 rue des Sœurs		67500	Haguenau
b90485a7-f293-4dd6-84b2-8bd60df5c2fb	Préfecture - Hautes-Alpes	prefecture	05061	http://www.hautes-alpes.pref.gouv.fr	04 92 40 48 00	04 92 53 79 49	prefecture@hautes-alpes.gouv.fr				28 rue Saint-Arey		05000	Gap
b93ff176-b412-452b-8e60-fb802cdcdb5a	Sous-préfecture - Briançon	sous_pref	05023	http://www.hautes-alpes.gouv.fr	04 92 25 47 47	04 92 21 17 19	sous-prefecture-de-briancon@hautes-alpes.pref.gouv.fr				40 avenue de la République		05100	Briançon
b982f611-a035-493b-b43f-bd74614b16e1	Sous-préfecture - Beaune	sous_pref	21054	http://www.cote-dor.gouv.fr	03 45 43 80 00	03 80 30 65 72	sp-beaune@cote-dor.gouv.fr	http://www.cote-dor.gouv.fr/par-service-r709.html			12 rue Fraysse		21200	Beaune
bc121498-3112-466c-b376-b5af5c6cf27b	Sous-préfecture - Montargis	sous_pref	45208	http://www.loiret.gouv.fr		02 38 98 54 66	sous-prefecture-de-montargis@loiret.gouv.fr				22-24 boulevard Paul-Baudin		45200	Montargis
bc4e5556-89d4-49ff-a863-d8bb40ca652f	Sous-préfecture - Clermont-sur-Oise	sous_pref	60157	http://www.oise.pref.gouv.fr	03 44 06 12 60	03 44 50 11 00	sp-clermont@oise.gouv.fr				6 rue Georges-Fleury		60600	Clermont
bcbcfb2e-89ec-44a4-b2ae-28f87c55357f	Préfecture - Haute-Garonne	prefecture	31555	http://www.haute-garonne.gouv.fr	05 34 45 34 45 			http://www.haute-garonne.gouv.fr/Outils/Formulaires-de-contact-definis/Prefecture-Accueil-general			Place Saint-Etienne		31000	Toulouse
bdb91741-48d5-4d3a-8b3c-f9af15042e47	Sous-préfecture - Castelsarrasin	sous_pref	82033	https://www.tarn-et-garonne.gouv.fr/Services-de-l-Etat/Prefecture-et-sous-prefecture/La-sous-prefecture-de-Castelsarrasin-Maison-de-l-Etat-de-Castelsarrasin	05 63 22 82 00		sp-spref@tarn-et-garonne.gouv.fr	http://www.tarn-et-garonne.gouv.fr/Contactez-nous			44 rue de la Fraternité		82100	Castelsarrasin
bdd008dc-4d6f-4b42-8e2b-51ccc20679ab	Sous-préfecture - Mantes-la-Jolie	sous_pref	78361	http://www.yvelines.gouv.fr	01 30 92 74 00	01 30 94 76 87	sp-mantes-la-jolie@yvelines.gouv.fr				18-20 rue de Lorraine		78200	Mantes-la-Jolie
be2c05e3-2019-4985-b63f-5d5be1cac704	Sous-préfecture - Boulogne-sur-Mer	sous_pref	62160	http://www.pas-de-calais.gouv.fr	03 21 99 49 49	03 21 99 49 50					131 Grand'Rue		62200	Boulogne-sur-Mer
bf2ae08d-0771-4c2d-9d86-e79621fa28a9	Préfecture - Saint-Pierre-et-Miquelon	prefecture	97502	http://www.saint-pierre-et-miquelon.gouv.fr	+508 41 10 10 	+508 41 25 46 	courrier@spm975.gouv.fr 	http://www.saint-pierre-et-miquelon.gouv.fr/index.php/Contactez-nous 			Place lieutenant-colonel Pigeaud		97500	Saint-Pierre
c0210358-ed2c-4797-90dc-8ab86a0db569	Sous-préfecture - Bayonne	sous_pref	64102	http://www.pyrenees-atlantiques.gouv.fr	05 59 98 24 24	05 59 25 49 72	sous-prefecture-de-bayonne@pyrenees-atlantiques.pref.gouv.fr	http://www.pyrenees-atlantiques.gouv.fr/Contactez-nous			2 allées Marines		64100	Bayonne
c09f218a-984f-4b5c-9079-0bc3fe62bcdb	Sous-préfecture - Pontarlier	sous_pref	25462	http://www.doubs.gouv.fr	03 81 39 81 39	03 81 39 12 60	sous-prefecture-de-pontarlier@doubs.pref.gouv.fr	http://www.doubs.gouv.fr/Contactez-nous			71 rue de la République		25300	Pontarlier
c1231fdd-19e9-4af1-8797-b6496722e848	Sous-préfecture - Lorient	sous_pref	56121	http://www.morbihan.gouv.fr	02 97 54 84 00	02 97 21 60 93	sp-lorient@morbihan.gouv.fr	http://www.morbihan.gouv.fr/Contactez-nous			Quai de Rohan		56100	Lorient
c12cae91-6b9b-4aee-9a92-5cfbf919bd81	Sous-préfecture - Château-Thierry	sous_pref	02168	http://www.aisne.gouv.fr	03 60 09 80 58	03 23 69 55 19	sp-chateau-thierry@aisne.gouv.fr				28 rue Saint-Crépin		02400	Château-Thierry
c1e3fd7f-96b6-4d54-9d6a-e3afa70e277c	Préfecture de région - Bretagne	prefecture_region	35238	http://prefectures-regions.gouv.fr/bretagne	02 99 02 10 35	02 99 02 17 80		http://prefectures-regions.gouv.fr/bretagne/Outils/Nous-contacter			3 rue Martenot		35000	Rennes
c28fed7b-ba94-4baa-97ca-0346b526229d	Préfecture - Maine-et-Loire	prefecture	49007	http://www.maine-et-loire.gouv.fr	02 41 81 81 81	02 41 88 04 63		http://www.maine-et-loire.gouv.fr/contacts-r715.html			Place Michel-Debré		49100	Angers
c2a8ee72-4307-4833-966c-5f027463f150	Sous-préfecture - Marmande	sous_pref	47157	http://www.lot-et-garonne.gouv.fr	05 53 76 01 76	05 53 20 83 58	sous-prefecture-de-marmande@lot-et-garonne.pref.gouv.fr				93 rue de la Libération		47200	Marmande
c458f546-b650-4437-9bf3-5fc1a19f0fc7	Représentation de l'État - Annexe de Saint-Martin	prefecture	97801	http://saint-barth-saint-martin.pref.gouv.fr	+590 5 90 29 09 21	+590 5 90 87 53 95	prefecturesxm@saint-barth-saint-martin.gouv.fr	http://www.guadeloupe.pref.gouv.fr/Contactez-nous			Route du Fort-Louis - Marigot		97150	Saint-Martin
c473deeb-8169-4521-b0fd-008c4c636022	Sous-préfecture - Boulogne-Billancourt	sous_pref	92012	http://www.hauts-de-seine.gouv.fr	01 41 86 37 00	01 41 86 12 08	sp-boulogne@hauts-de-seine.gouv.fr	http://www.hauts-de-seine.gouv.fr/Contactez-nous			2 bis rue Damiens		92100	Boulogne-Billancourt
c48a27a5-8563-48b7-9385-1ab98ff4bba3	Sous-préfecture - Issoudun	sous_pref	36088	http://www.indre.gouv.fr	02 54 03 50 00	02 54 03 50 01	sp-issoudun@indre.gouv.fr				7 place Saint-Jean		36100	Issoudun
c4b70077-6ba3-49e4-b72f-962ce1be070d	Sous-préfecture - Nogent-sur-Marne	sous_pref	94052	http://www.val-de-marne.pref.gouv.fr	01 49 56 66 00	01 49 56 66 60	prefecture@val-de-marne.gouv.fr	http://www.val-de-marne.pref.gouv.fr/Contactez-nous/Contact-general			4 avenue de-Lattre-de-Tassigny		94130	Nogent-sur-Marne
c4c25720-b580-4b90-8501-8bd509f343e5	Sous-préfecture - Briey	sous_pref	54099	http://www.meurthe-et-moselle.gouv.fr	03 82 47 55 00		sp-briey@meurthe-et-moselle.gouv.fr				1 place du Château		54150	Briey
c4fd783b-bdcc-402d-b870-223fc4445b0c	Préfecture - Orne	prefecture	61001	http://www.orne.gouv.fr	02 33 80 61 61	02 33 80 61 65	pref-communication@orne.gouv.fr	http://www.orne.gouv.fr/contacts-r2277.html			39 rue Saint-Blaise		61000	Alençon
c5fb7c1b-2426-47bf-b96b-991f84e63a1f	Préfecture - Aude	prefecture	11069	http://www.aude.gouv.fr	04 68 10 27 00	04 68 72 32 98	pref-courrier@aude.gouv.fr	http://www.aude.gouv.fr/contacts-r999.html			52 rue Jean-Bringer		11000	Carcassonne
c72ee4dc-2317-4912-89d3-7df3fdec2228	Sous-préfecture - Barcelonnette	sous_pref	04019	http://www.alpes-de-haute-provence.gouv.fr	04 92 36 72 00	04 92 32 16 90		http://www.alpes-de-haute-provence.gouv.fr/Contactez-nous			16 allée des Dames		04400	Barcelonnette
c859fbcd-f348-4447-bfbb-f97018dbaec6	Sous-préfecture - Fontainebleau	sous_pref	77186	http://www.seine-et-marne.gouv.fr	01 60 74 66 77	01 60 74 66 90					37 rue Royale		77300	Fontainebleau
c935d636-73c5-4f5c-8d52-98ff33af8997	Sous-préfecture - Senlis	sous_pref	60612	http://www.oise.gouv.fr/	03 44 06 12 60	03 44 53 14 28	sp-senlis@oise.gouv.fr				3 place Gérard de Nerval		60300	Senlis
c9b38033-7bf6-4402-87b0-f914e27b9e5f	Sous-préfecture - Pointe-à-Pitre	sous_pref	97120	http://www.guadeloupe.pref.gouv.fr	+590 5 90 82 68 68	+590 5 90 82 52 16		http://www.guadeloupe.pref.gouv.fr/Contactez-nous/Contact-general			Place de la Victoire		97110	Pointe-à-Pitre
cc30c13c-3551-4a44-8750-bc5bca8d6f92	Préfecture - Yonne	prefecture	89024	http://www.yonne.gouv.fr	03 86 72 79 89	03 86 51 02 48	prefecture@yonne.gouv.fr	http://www.yonne.gouv.fr/Contactez-nous			Place de la Préfecture		89000	Auxerre
cc7a5287-6ebb-4dc7-af37-fab99bc266a6	Préfecture - Hérault	prefecture	34172	http://www.herault.gouv.fr	04 67 61 61 61	04 67 02 25 79		http://www.herault.gouv.fr/Contactez-nous			Pl. des Martyrs-de-la-Résistance		34000	Montpellier
ceae2d98-d951-4feb-8963-f1947a5bb5a7	Sous-préfecture - Saint-Flour	sous_pref	15187	http://www.cantal.gouv.fr	04 71 60 02 03	04 71 60 48 08	sp-saint-flour@cantal.gouv.fr	http://www.cantal.gouv.fr/contacts-r2068.html	Hôtel de Lastic		35-37 rue Sorel		15100	Saint-Flour
cf4d4807-24f8-4100-9c46-247780786c83	Sous-préfecture - Forcalquier	sous_pref	04088	http://www.alpes-de-haute-provence.gouv.fr	04 92 36 72 00	04 92 32 16 90	sp-forcalquier@alpes-de-haute-provence.gouv.fr	http://www.alpes-de-haute-provence.gouv.fr/Contactez-nous			Place Martial-Sicard		04300	Forcalquier
cf803062-b6f7-463a-8c9b-44cbce165a30	Sous-préfecture - Argenteuil	sous_pref	95018	http://www.val-doise.gouv.fr	01 34 20 95 95	01 34 23 36 32	sous-prefecture-argenteuil@val-doise.pref.gouv.fr	http://www.val-doise.gouv.fr/Contactez-nous			2 rue Alfred-Labrière		95100	Argenteuil
d0033f35-cdb9-4fba-bf6f-2fd64dc03973	Sous-préfecture - Bressuire	sous_pref	79049	http://www.deux-sevres.gouv.fr	05 49 08 68 68	05 49 65 00 79	sp-bressuire@deux-sevres.gouv.fr	https://www.deux-sevres.gouv.fr/Contactez-nous			4 rue des Hardilliers		79300	Bressuire
d06fda52-e4fd-466f-9835-17219191696d	Sous-préfecture - Montreuil-sur-Mer	sous_pref	62588	http://www.pas-de-calais.gouv.fr	03 21 90 80 00	03 21 90 80 01					7-9-11 rue d'Hérambault		62170	Montreuil
d171ca5c-a045-4a63-9549-7ed30ba73d3b	Sous-préfecture - Neufchâteau	sous_pref	88321	http://www.vosges.gouv.fr	03 29 06 10 10	03 29 06 13 27	sp-neufchateau@vosges.gouv.fr				Place des Cordeliers		88300	Neufchâteau
d1dc3abd-cdb8-4d93-aca2-6106411883d8	Préfecture - Eure-et-Loir	prefecture	28085	http://www.eure-et-loir.gouv.fr	02 37 27 72 00	02 37 27 70 48	pref-communication@eure-et-loir.gouv.fr	http://www.eure-et-loir.gouv.fr/Contactez-nous/Contact-general			Place de la République		28000	Chartres
d2a3afa5-2562-4356-9549-ffbefe4a4cc3	Sous-préfecture - Die	sous_pref	26113	http://www.drome.gouv.fr	04 75 22 00 22	04 75 22 21 20	sous-prefecture-de-die@drome.gouv.fr	http://www.drome.gouv.fr/contacts-r1352.html			Place de la République		26150	Die
d30e827a-edac-4dc6-b749-a236f87d9403	Sous-préfecture - Saint-Germain-en-Laye	sous_pref	78551	http://www.yvelines.gouv.fr	01 30 61 34 00	01 30 61 34 98	sp-saint-germain-en-laye@yvelines.gouv.fr				1 rue du Panorama		78100	Saint-Germain-en-Laye
d343a6e8-61d6-4424-9862-b131d682986f	Sous-préfecture - Le Raincy	sous_pref	93062	http://www.seine-saint-denis.gouv.fr	01 43 01 47 00	01 43 01 48 10	sp-le-raincy-courrier@seine-saint-denis.gouv.fr				57 avenue Thiers		93340	Le Raincy
d3b1ccaa-3909-44e8-b002-5936a33d403a	Sous-préfecture - Brioude	sous_pref	43040	http://www.haute-loire.pref.gouv.fr	04 71 50 81 81	04 71 74 97 64	sous-prefecture-de-brioude@haute-loire.pref.gouv.fr				Rue du 14-Juillet		43100	Brioude
d43894ef-bf14-42d2-b07d-0c1f6b906026	Préfecture - Isère	prefecture	38185	http://www.isere.gouv.fr	04 76 60 34 00	04 76 51 34 88	internet@isere.pref.gouv.fr	http://www.isere.gouv.fr/Contactez-nous			12 place de Verdun		38000	Grenoble
d469264a-5ec9-49c0-b40e-5a422e3618ed	Sous-préfecture - Cognac	sous_pref	16102	http://www.charente.gouv.fr	05 45 82 00 60	05 45 82 27 15	sp-cognac@charente.gouv.fr				Place du Général-de-Gaulle		16100	Cognac
d495649e-148a-4d09-97c2-2c11263bd7cf	Préfecture - Puy-de-Dôme	prefecture	63113	http://www.puy-de-dome.gouv.fr/	04 73 98 63 63	04 73 98 61 00		http://www.puy-de-dome.gouv.fr/contacts-r1033.html			18 boulevard Desaix		63000	Clermont-Ferrand
d5282ebc-1fcd-4bf5-ab53-269d21b0bc67	Préfecture - Loir-et-Cher	prefecture	41018	http://www.loir-et-cher.gouv.fr	02 54 70 41 41	02 54 78 14 69		http://www.loir-et-cher.gouv.fr/Contactez-nous			place de la République		41000	Blois
d52c626c-ae1e-48ad-80f4-c5efcbed38f3	Sous-préfecture - Lens	sous_pref	62498	http://www.pas-de-calais.gouv.fr	03 21 13 47 00	03 21 42 93 45	sp-lens@pas-de-calais.gouv.fr				25 rue du 11-Novembre		62300	Lens
d57b0345-42d3-435f-af6b-b2fcd66506a5	Sous-préfecture - Nantua	sous_pref	01269	http://www.ain.gouv.fr	04 74 75 20 66	04 74 75 12 89	sp-nantua@ain.gouv.fr				36 rue du Collège		01130	Nantua
d61ef98d-e185-494b-8087-69243c977461	Sous-préfecture - Bellac	sous_pref	87011	https://www.haute-vienne.gouv.fr/	05 87 03 11 00	05 55 44 17 54	sp-bellac@haute-vienne.gouv.fr	http://www.haute-vienne.gouv.fr/Contactez-nous			8 rue Lamartine		87300	Bellac
d64141c3-880c-42b1-82d9-954e1ded71b6	Sous-préfecture - Bar-sur-Aube	sous_pref	10033	https://www.aube.gouv.fr	03 25 27 06 19	03 25 27 39 58	 sp-bar-sur-aube@aube.gouv.fr   				18 rue Armand		10200	Bar-sur-Aube
d67b1697-0e17-45a5-a1e3-eaa12eba8270	Préfecture - Mayotte	prefecture	97611	http://www.mayotte.pref.gouv.fr	+269 2 69 63 50 00	+269 2 69 60 18 89	accueil@mayotte.pref.gouv.fr	http://www.mayotte.pref.gouv.fr/Contactez-nous			Avenue de la Préfecture		97600	Mamoudzou
d69e32d2-3c95-484a-8f50-6490c70dd16c	Préfecture de région - Auvergne-Rhône-Alpes	prefecture_region	69383	http://prefectures-regions.gouv.fr/auvergne-rhone-alpes	04 72 61 61 61	04 78 60 49 38		http://prefectures-regions.gouv.fr/auvergne-rhone-alpes/Outils/Nous-contacter			106 rue Pierre-Corneille		69003	Lyon
d7947d7a-77ed-41d8-99cf-4ac80e9e7320	Sous-préfecture - Castellane	sous_pref	04039	http://www.alpes-de-haute-provence.gouv.fr	04 92 36 72 00						Avenue de la Sous-Préfecture		04120	Castellane
d81a3ff7-04e7-4631-a7cb-4fd1df03d8fb	Sous-préfecture - Dole	sous_pref	39198	http://www.jura.gouv.fr	03 84 79 44 00	03 84 72 87 58	sp-dole@jura.gouv.fr				23 place de la Sous-Préfecture		39100	Dole
d86f7a12-895e-4952-a713-ebc856a7ae1d	Sous-préfecture - Fontenay-le-Comte	sous_pref	85092	http://www.vendee.gouv.fr	02 51 50 14 20		sp-fontenay-le-comte@vendee.gouv.fr				16-18 quai Victor-Hugo		85200	Fontenay-le-Comte
d8c995cf-0b36-4eef-a68d-dd0802c76cbf	Préfecture - Drôme	prefecture	26362	http://www.drome.gouv.fr	04 75 79 28 00	04 75 42 87 55	prefecture@drome.gouv.fr	http://www.drome.gouv.fr/contacts-r1352.html			3 boulevard Vauban		26000	Valence
d9dfb22b-a44d-4b72-baac-db32f721728a	Sous-préfecture - Florac	sous_pref	48061	http://www.lozere.gouv.fr	04 66 65 62 80	04 66 65 62 81	sp-florac@lozere.gouv.fr	http://www.lozere.gouv.fr/Contactez-nous			14 avenue Marceau-Farelle		48400	Florac
db3e7b8e-ec01-418f-8be2-cd25e03dc80e	Subdivision administrative - Îles du Vent	sous_pref	98735	http://www.polynesie-francaise.pref.gouv.fr	+689 40 46 86 11	+689 40 46 86 19	subdiv.iles-du-vent@polynesie-francaise.pref.gouv.fr				avenue Pouvanaa a Oopa		98714	Papeete, Tahiti
db7f7c00-8948-43ee-8268-9923420aefae	Sous-préfecture - Narbonne	sous_pref	11262	http://www.aude.gouv.fr	04 68 90 33 40	04 68 90 43 60	sp-narbonne@aude.gouv.fr	http://www.aude.gouv.fr/contacts-r999.html			37 boulevard du Général-de-Gaulle		11100	Narbonne
dbae46f4-829c-4d3a-bf88-54a0787a140c	Sous-préfecture - Figeac	sous_pref	46102	http://www.lot.gouv.fr	05 65 34 04 15	05 65 34 72 06	sp-figeac@lot.gouv.fr				22 rue Caviale		46100	Figeac
dbbd7201-c3ab-4c9c-b704-83819852f899	Sous-préfecture - Étampes	sous_pref	91223	http://www.essonne.gouv.fr	01 69 92 99 91	01 64 94 84 85		http://www.essonne.gouv.fr/Contactez-nous			4 rue Van-Loo		91150	Étampes 
dc22fdec-6f90-4aa5-8996-c68c18482ed2	Sous-préfecture - Oloron-Sainte-Marie	sous_pref	64422	http://www.pyrenees-atlantiques.gouv.fr	05 59 88 59 88	05 59 39 89 30	sous-prefecture-oloron@pyrenees-atlantiques.pref.gouv.fr	http://www.pyrenees-atlantiques.gouv.fr/Contactez-nous			7 rue de la Poste		64400	Oloron-Sainte-Marie
dc82689e-1fe2-495d-aceb-6f1fed3c5690	Préfecture - Val-de-Marne	prefecture	94028	http://www.val-de-marne.gouv.fr	01 49 56 60 00		prefecture@val-de-marne.gouv.fr	http://www.val-de-marne.pref.gouv.fr/Contactez-nous/Contact-general			21-29 avenue du Général-de-Gaulle		94000	Créteil
dd662b7a-5485-48d6-ad1a-f1720b05830f	Préfecture - Gers	prefecture	32013	http://www.gers.gouv.fr	05 62 61 44 00	05 62 05 47 78	prefecture@gers.gouv.fr	http://www.gers.gouv.fr/Contactez-nous			3 place du Préfet-Claude-Érignac		32000	Auch
df2a4567-d2fe-46d9-bf5e-27c25c60e33b	Sous-préfecture - Roanne	sous_pref	42187	http://www.loire.gouv.fr	04 77 23 64 64	04 77 71 42 78	sp-roanne@loire.gouv.fr				Rue Joseph-Déchelette		42300	Roanne
dfd781d7-82f3-40d9-beb6-8cbb8d9493c2	Sous-préfecture - Thonon-les-Bains	sous_pref	74281	http://www.haute-savoie.gouv.fr	04 50 33 60 00	04 50 26 67 57	sp-thonon@haute-savoie.gouv.fr				21 rue Vallon		74200	Thonon-les-Bains
dff1f5ef-fcec-4159-b5ca-7c2f352d496e	Sous-préfecture - Pamiers	sous_pref	09225	http://www.ariege.gouv.fr	05 61 60 97 30	05 61 67 55 10	sous-prefecture-de-pamiers@ariege.pref.gouv.fr				26 rue Frédéric-Soulié		09100	Pamiers
e06bc626-1bb7-4e92-9da8-cd810a729b86	Sous-préfecture - Romorantin-Lanthenay	sous_pref	41194	https://www.loir-et-cher.gouv.fr/Services-de-l-Etat/Prefecture-et-sous-prefectures/Sous-Prefecture-de-Romorantin	02 54 70 41 41	02 54 78 14 69	sous-prefecture-de-romorantin@loir-et-cher.pref.gouv.fr	http://www.loir-et-cher.gouv.fr/Contactez-nous			3 place du Château		41200	Romorantin-Lanthenay
e186cb8d-2a79-4e8f-a8e2-55458e82ad13	Sous-préfecture - Les Sables-d'Olonne	sous_pref	85194	http://www.vendee.gouv.fr	02 51 23 93 93		sp-s-sables-d-olonne@vendee.gouv.fr				54 avenue du Général de Gaulle		85100	Les Sables-d'Olonne
e1ea845e-2b5f-41df-abb3-41364f919e35	Sous-préfecture - Saint-Amand-Montrond	sous_pref	18197	http://www.cher.gouv.fr	02 48 62 04 00	02 48 96 04 03	pref-courrier@cher.gouv.fr 	http://www.cher.gouv.fr/Contactez-nous			12 rue de Juranville		18200	St-Amand-Montrond
e1f182e5-96bf-42e0-abad-ec5a98de5854	Sous-préfecture - Arcachon	sous_pref	33009	http://www.gironde.gouv.fr	05 56 90 60 60	05 56 83 72 55	sp-arcachon@gironde.gouv.fr				55 boulevard du Général-Leclerc		33120	Arcachon
e27befdb-2fb3-47fd-955a-60c930941d02	Préfecture - Saône-et-Loire	prefecture	71270	http://www.saone-et-loire.gouv.fr	03 85 21 81 00	03 85 39 17 16		http://www.saone-et-loire.gouv.fr/contacts-r1753.html			196 rue de Strasbourg		71000	Mâcon
e2b29f0b-80a9-43ce-8639-10f8827d7f79	Sous-préfecture - Ambert	sous_pref	63003	http://www.auvergne.pref.gouv.fr	04 73 82 00 07	04 73 82 38 91	sp-ambert@puy-de-dome.gouv.fr				20 boulevard Sully		63600	Ambert
e36da2e8-5a3b-441c-8ccf-ce8a4968692b	Sous-préfecture - Sartène	sous_pref	2A272	http://www.corse.pref.gouv.fr	01 95 11 12 63	04 95 73 42 41	sp-sartene@corse-du-sud.gouv.fr				Boulevard Jacques-Nicolaï		20100	Sartène
e4859d0d-a7c5-44a9-a714-7b3252f74552	Préfecture - Deux-Sèvres	prefecture	79191	https://www.deux-sevres.gouv.fr/Services-de-l-Etat/La-prefecture-et-les-sous-prefectures	05 49 08 68 68	05 49 28 09 67	prefecture@deux-sevres.gouv.fr	http://www.deux-sevres.gouv.fr/Contactez-nous			4 rue du Guesclin		79000	Niort
e4d6150c-5666-4efb-a138-138a8f951ca2	Sous-préfecture - Châtellerault	sous_pref	86066	http://www.vienne.gouv.fr	05 49 47 24 62		sp-chatellerault@vienne.gouv.fr				2 rue Choisnin		86100	Châtellerault
e5bd70c4-80df-41da-bb65-2e53299b9119	Préfecture - Bouches-du-Rhône	prefecture	13203	http://www.bouches-du-rhone.gouv.fr	04 84 35 40 00	04 84 35 48 55		http://www.bouches-du-rhone.gouv.fr/Contactez-nous			Place Félix-Baret		13006	Marseille
e5db6c06-1ccb-4402-a7a8-f0ceb5ac9268	Préfecture - Manche	prefecture	50502	http://www.manche.gouv.fr	02 33 75 49 50	02 33 57 36 66	prefecture@manche.gouv.fr	http://www.manche.gouv.fr/Contactez-nous			Place de la Préfecture		50000	Saint-Lô
e616092d-a2ee-42f3-81d9-989e10172499	Sous-préfecture - Saint-Claude	sous_pref	39478	http://www.jura.gouv.fr	03 84 41 32 00	03 84 45 26 64	sp-saint-claude@jura.gouv.fr				1 rue de la Sous-Préfecture		39200	Saint-Claude
e91978a4-0aff-4cdd-b27a-f752d54f6bc1	Préfecture - Alpes-de-Haute-Provence	prefecture	04070	http://www.alpes-de-haute-provence.gouv.fr	04 92 36 72 00	04 92 32 16 90		http://www.alpes-de-haute-provence.gouv.fr/Contactez-nous			8 rue du Docteur-Romieu		04000	Digne-les-Bains
e920837b-9e6a-40e4-802d-64167e011307	Sous-préfecture - Clamecy	sous_pref	58079	http://www.nievre.gouv.fr	03 86 60 71 71		sous-prefecture-de-clamecy@nievre.pref.gouv.fr				Rue Francis Carco		58500	Clamecy
eb0e8e6a-80d4-4b53-9ef9-ff3dd2b65d5c	Sous-préfecture - Lodève	sous_pref	34142	http://www.herault.gouv.fr	04 67 88 34 00	04 67 44 23 05		http://www.herault.gouv.fr/question/poser_quest.asp			Avenue de la République		34700	Lodève
ec1de053-417a-4088-8ddb-02b5089b657f	Préfecture - Eure	prefecture	27229	http://www.eure.gouv.fr	02 32 78 27 27	02 32 38 24 15		http://www.eure.gouv.fr/Contactez-nous			Boulevard Georges-Chauvin		27000	Évreux
ec94c154-4af2-46f8-a00c-f04ff8163c2e	Sous-préfecture - Saint-Pierre (La Réunion)	sous_pref	97416	http://www.reunion.gouv.fr/la-sous-prefecture-de-saint-pierre-a818.html	+262 2 62 35 71 00	+262 2 62 25 97 83	sous-prefecture-de-st-pierre@martinique.pref.gouv.fr				18 rue Augustin Archambaud		97410	Saint-Pierre
ee59ef63-df08-4a76-aef2-9659b1feb48a	Sous-préfecture - Brignoles	sous_pref	83023	http://www.var.gouv.fr/horaires-et-adresse-en-sous-prefecture-de-a1609.html	04 94 37 03 83	04 94 37 03 65		http://www.var.gouv.fr/contacts-r1376.html			92 rue de la République		83170	Brignoles
ef02d495-bf01-4251-8cd7-1bc2b6fa86dc	Sous-préfecture - Ussel	sous_pref	19275	http://www.correze.gouv.fr	05 55 72 12 64	05 55 72 45 00	sp-ussel@correze.gouv.fr				1 boulevard de la Prade		19200	Ussel
f0726527-39a6-4c4c-a6cd-2284d82d48b9	Préfecture - Haute-Saône	prefecture	70550	http://www.haute-saone.gouv.fr	03 84 77 70 00	03 84 76 49 60	prefecture@haute-saone.gouv.fr	http://www.haute-saone.gouv.fr/pref70/sections/contacts			1 rue de la Préfecture		70000	Vesoul
f08350ca-173c-48e7-a3ca-345593543409	Sous-préfecture - Autun	sous_pref	71014	http://www.saone-et-loire.gouv.fr	03 85 21 81 00	03 85 52 59 46		http://www.saone-et-loire.gouv.fr/contacts-r1753.html			21 rue de l'Arquebuse		71400	Autun
f1893c40-24d4-4a5d-8754-647d08dee228	Sous-préfecture - Vire	sous_pref	14762	http://www.calvados.gouv.fr	02 31 66 37 00	02 31 67 75 72	sp-vire@calvados.gouv.fr				7 rue des Cordeliers		14500	Vire
f1a3efbb-cff0-4990-90f1-6d40c13abdfa	Préfecture - Vendée	prefecture	85191	http://www.vendee.gouv.fr	02 51 36 70 85		prefecture@vendee.gouv.fr				29 rue Delille		85000	La Roche-sur-Yon
f1fec805-cf79-49cb-b080-f32d04c69af2	Sous-préfecture - Béziers	sous_pref	34032	http://www.herault.gouv.fr	04 67 36 70 70	04 67 36 70 94	sp-beziers@herault.gouv.fr	http://www.herault.gouv.fr/Contactez-nous			Boulevard Édouard-Herriot		34500	Béziers
f22408cc-b335-4d6f-a004-bab048286e1e	Sous-préfecture - Vendôme	sous_pref	41269	https://www.loir-et-cher.gouv.fr/Outils/Horaires-et-coordonnees/Sous-Prefecture-de-Vendome	02 54 70 41 41	02 54 73 20 98	sous-prefecture-de-vendome@loir-et-cher.pref.gouv.fr	http://www.loir-et-cher.gouv.fr/Contactez-nous			8 place Saint-Martin		41100	Vendôme
f25cdd09-2749-4c20-a90c-a8c880f38495	Sous-préfecture - Sainte-Menehould	sous_pref	51507	http://www.marne.gouv.fr	03 26 60 58 58	+33 3 26 60 58 59	sp-ste-menehould@marne.gouv.fr				1, rue de l'Arbre-Sec	BP 99	51801	Sainte-Menehould Cedex
f31ffecf-cd06-4cb1-b3bd-8d5f335c046f	Sous-préfecture - Redon	sous_pref	35236	https://www.ille-et-vilaine.gouv.fr	02 99 71 14 04	02 99 72 72 59	sp-secretariat-spredon@ille-et-vilaine.gouv.fr				Place Charles-de-Gaulle		35600	Redon
f3f6fe3f-41c6-4084-9c04-c069718390ab	Sous-préfecture - Béthune	sous_pref	62119	http://www.pas-de-calais.gouv.fr	03 21 61 50 50	03 21 61 79 79					181 rue Gambetta		62400	Béthune
f464bfc3-1b00-4eae-979e-5750fdb2c0d1	Sous-préfecture - Sélestat-Erstein	sous_pref	67462	http://www.bas-rhin.gouv.fr	03 88 58 83 58	03 88 21 62 16	sous-prefecture-de-selestat-erstein@bas-rhin.gouv.fr				4 allée Première-Armée-Française		67600	Sélestat
f76ba0fa-4acb-4a62-a99e-19cbd7210dcc	Sous-préfecture - Saint-Nazaire	sous_pref	44184	http://www.loire-atlantique.gouv.fr/Services-de-l-Etat/Prefecture-et-sous-prefectures/Sous-prefecture-de-Saint-Nazaire	02 40 00 72 89	02 40 01 90 64	sous-prefecture-de-saint-nazaire@loire-atlantique.pref.gouv.fr				1 rue Vincent-Auriol		44600	Saint-Nazaire
f7e96121-b9ae-46d2-8931-c99d7c2c32b7	Sous-préfecture - Vierzon	sous_pref	18279	http://www.cher.gouv.fr	02 48 53 04 40	02 48 71 04 69	sp-vierzon@cher.gouv.fr	https://www.cher.gouv.fr/Contactez-nous			9 rue du Maréchal-de-Hauteclocque		18100	Vierzon
f93548ec-b4c4-4934-8e66-7c9f91d08031	Sous-préfecture - Parthenay	sous_pref	79202	http://www.deux-sevres.gouv.fr	05 49 08 68 68	05 49 95 22 78	sp-parthenay@deux-sevres.gouv.fr	https://www.deux-sevres.gouv.fr/Contactez-nous			20 boulevard de la Meilleraye		79200	Parthenay
f999af82-5a34-4f67-a8df-52a2a8c177d1	Préfecture - Vosges	prefecture	88160	http://www.vosges.gouv.fr	03 29 69 88 88	03 29 82 42 15		http://www.vosges.gouv.fr/Contactez-nous			Place Foch		88026	Epinal
f9d7fb06-b1c4-4fb4-9840-235085c3e637	Préfecture - Martinique	prefecture	97209	http://www.martinique.pref.gouv.fr	+596 5 96 39 36 00	+596 5 96 71 40 29	contact@martinique.pref.gouv.fr	http://www.martinique.pref.gouv.fr/Contactez-nous/Contact-general			Rue Louis Blanc		97200	Fort-de-France
fa22950d-6aad-4403-8454-c55fe0c0047f	Sous-préfecture - Coutances	sous_pref	50147	http://www.manche.gouv.fr	02 33 19 08 80	02 33 19 08 81	sp-coutances@manche.gouv.fr				Square Lebrun		50200	Coutances
fc6b235a-baa8-477c-907b-2481a52e666f	Sous-préfecture - Blaye	sous_pref	33058	http://www.gironde.gouv.fr	05 56 90 60 60	05 57 42 22 97	sp-blaye@gironde.gouv.fr				18 rue André-Lafon		33390	Blaye
fca1acd2-55a4-4050-b5a3-6b82c633b643	Sous-préfecture - Saverne	sous_pref	67437	http://www.bas-rhin.gouv.fr	03 88 71 72 00	03 88 21 62 16	sp-saverne@bas-rhin.gouv.fr				3 rue du Tribunal		67700	Saverne
fd350db8-f23e-4cd3-a3d8-bab96fb77f49	Sous-préfecture - Riom	sous_pref	63300	http://www.auvergne.pref.gouv.fr	04 73 64 65 00	04 75 38 85 70	sp-riom@puy-de-dome.gouv.fr				Rue Gilbert-Romme		63200	Riom
fdb7468d-e311-4313-b477-9f5d7b9d8699	Sous-préfecture - Corte	sous_pref	2B096	http://www.haute-corse.gouv.fr	04 95 34 52 40	04 95 61 01 02	sp-corte@haute-corse.gouv.fr	http://www.haute-corse.gouv.fr/contacts-r288.html			29 cours Paoli		20250	Corte
